unique_id,pK,sdf_file,mol2_file,pdb_file,graph_id,preds_0,preds_1,preds_2,preds_3,preds_4,preds_5,preds_6,preds_7,preds_8,preds_9,preds
4lgh,8.7,data/pdbbind/general-set/4lgh/4lgh_ligand.sdf,data/pdbbind/general-set/4lgh/4lgh_ligand.mol2,data/pdbbind/general-set/4lgh/4lgh_protein.pdb,0,8.91131,8.755055,8.8031,8.799516,8.51359,8.786613,8.643842,8.746154,8.590249,8.599284,8.71487
1hk1,5.64,data/pdbbind/general-set/1hk1/1hk1_ligand.sdf,data/pdbbind/general-set/1hk1/1hk1_ligand.mol2,data/pdbbind/general-set/1hk1/1hk1_protein.pdb,1,5.5664477,5.801148,5.574121,5.083171,5.4376397,5.539976,5.507173,5.6907954,5.778834,5.695967,5.5675273
1fzq,7.62,data/pdbbind/refined-set/1fzq/1fzq_ligand.sdf,data/pdbbind/refined-set/1fzq/1fzq_ligand.mol2,data/pdbbind/refined-set/1fzq/1fzq_protein.pdb,2,7.5270243,7.350462,7.468324,7.900703,7.83657,7.417037,7.533668,7.725824,7.8088393,7.39968,7.596813
1y3w,5.77,data/pdbbind/general-set/1y3w/1y3w_ligand.sdf,data/pdbbind/general-set/1y3w/1y3w_ligand.mol2,data/pdbbind/general-set/1y3w/1y3w_protein.pdb,3,5.4835796,5.722283,5.7422657,5.7191696,5.7166686,5.6367497,5.516565,5.6370444,6.0829678,5.641463,5.6898756
5lt9,4.19,data/pdbbind/general-set/5lt9/5lt9_ligand.sdf,data/pdbbind/general-set/5lt9/5lt9_ligand.mol2,data/pdbbind/general-set/5lt9/5lt9_protein.pdb,4,4.0406065,4.329442,4.1198072,3.9248228,4.22099,4.4553733,4.395844,4.225186,4.0196447,4.23778,4.19695
4ymx,7.1,data/pdbbind/refined-set/4ymx/4ymx_ligand.sdf,data/pdbbind/refined-set/4ymx/4ymx_ligand.mol2,data/pdbbind/refined-set/4ymx/4ymx_protein.pdb,5,7.083806,7.1548696,7.2017875,7.1975183,7.0755353,7.027474,7.0323105,6.9483223,7.236218,6.8727813,7.083062
1laf,7.85,data/pdbbind/refined-set/1laf/1laf_ligand.sdf,data/pdbbind/refined-set/1laf/1laf_ligand.mol2,data/pdbbind/refined-set/1laf/1laf_protein.pdb,6,7.847377,7.6107855,7.9771943,8.097814,7.969573,7.5690236,8.045908,7.8728766,7.9235373,7.5004115,7.8414497
2aow,7.42,data/pdbbind/general-set/2aow/2aow_ligand.sdf,data/pdbbind/general-set/2aow/2aow_ligand.mol2,data/pdbbind/general-set/2aow/2aow_protein.pdb,7,7.135917,7.3515058,7.6616364,7.2494845,7.1818676,7.189481,7.432039,7.5659957,7.4037995,7.5032034,7.3674927
2uy4,4.68,data/pdbbind/refined-set/2uy4/2uy4_ligand.sdf,data/pdbbind/refined-set/2uy4/2uy4_ligand.mol2,data/pdbbind/refined-set/2uy4/2uy4_protein.pdb,8,4.6984076,4.635682,4.70327,4.9341693,4.636797,4.7167177,4.6281934,4.630732,4.732011,4.473931,4.678991
2x97,5.66,data/pdbbind/refined-set/2x97/2x97_ligand.sdf,data/pdbbind/refined-set/2x97/2x97_ligand.mol2,data/pdbbind/refined-set/2x97/2x97_protein.pdb,9,5.1317787,5.3799944,5.806601,5.8117676,5.644208,5.8293285,5.527925,6.083392,5.5268903,5.555417,5.6297297
2uzj,4.57,data/pdbbind/general-set/2uzj/2uzj_ligand.sdf,data/pdbbind/general-set/2uzj/2uzj_ligand.mol2,data/pdbbind/general-set/2uzj/2uzj_protein.pdb,10,4.5832834,4.618165,4.489832,4.617362,4.792937,4.2282095,4.263664,4.62633,4.78004,4.935906,4.593573
1npz,7.89,data/pdbbind/general-set/1npz/1npz_ligand.sdf,data/pdbbind/general-set/1npz/1npz_ligand.mol2,data/pdbbind/general-set/1npz/1npz_protein.pdb,11,5.609746,6.3851643,6.709453,6.684018,6.460052,6.215545,7.1018405,6.564911,6.8182855,5.5415335,6.409055
2v95,8.3,data/pdbbind/refined-set/2v95/2v95_ligand.sdf,data/pdbbind/refined-set/2v95/2v95_ligand.mol2,data/pdbbind/refined-set/2v95/2v95_protein.pdb,12,8.313122,8.368842,8.399654,8.013055,8.469049,8.322585,7.859047,8.170116,8.429112,8.154096,8.249868
1ik4,7.41,data/pdbbind/refined-set/1ik4/1ik4_ligand.sdf,data/pdbbind/refined-set/1ik4/1ik4_ligand.mol2,data/pdbbind/refined-set/1ik4/1ik4_protein.pdb,13,7.91525,7.5722775,7.4993706,7.607872,7.4274263,7.4483004,7.5366235,7.264581,7.351962,7.46666,7.5090322
4eok,5.07,data/pdbbind/general-set/4eok/4eok_ligand.sdf,data/pdbbind/general-set/4eok/4eok_ligand.mol2,data/pdbbind/general-set/4eok/4eok_protein.pdb,14,6.795527,7.39592,6.985055,7.480195,6.7679663,7.230496,6.8348217,6.5523157,7.5331826,7.79431,7.136979
4o71,4.74,data/pdbbind/general-set/4o71/4o71_ligand.sdf,data/pdbbind/general-set/4o71/4o71_ligand.mol2,data/pdbbind/general-set/4o71/4o71_protein.pdb,15,4.9176416,4.7113185,4.7256756,4.340338,4.313777,4.728834,4.707601,4.834788,4.796267,4.819318,4.689556
4d1y,7.13,data/pdbbind/general-set/4d1y/4d1y_ligand.sdf,data/pdbbind/general-set/4d1y/4d1y_ligand.mol2,data/pdbbind/general-set/4d1y/4d1y_protein.pdb,16,7.246499,7.172492,7.4883733,7.2096953,6.9999213,7.230924,6.9735956,6.9430637,6.7646065,7.124223,7.1153398
6f9g,5.7,data/pdbbind/refined-set/6f9g/6f9g_ligand.sdf,data/pdbbind/refined-set/6f9g/6f9g_ligand.mol2,data/pdbbind/refined-set/6f9g/6f9g_protein.pdb,17,5.5135446,5.8817773,6.888416,5.896054,6.0654187,5.7108536,5.8978744,7.047366,5.6383915,6.0477195,6.0587416
1ryf,8.8,data/pdbbind/general-set/1ryf/1ryf_ligand.sdf,data/pdbbind/general-set/1ryf/1ryf_ligand.mol2,data/pdbbind/general-set/1ryf/1ryf_protein.pdb,18,6.8559666,7.4818897,6.8795075,7.0472836,7.163408,7.8318586,6.3625145,6.857065,7.8065004,7.38928,7.1675277
5vcx,5.55,data/pdbbind/general-set/5vcx/5vcx_ligand.sdf,data/pdbbind/general-set/5vcx/5vcx_ligand.mol2,data/pdbbind/general-set/5vcx/5vcx_protein.pdb,19,5.416134,5.7656255,5.5810843,5.366517,5.3247,5.8700876,5.3510003,5.6324363,5.5009775,5.837932,5.564649
1lf9,12.0,data/pdbbind/general-set/1lf9/1lf9_ligand.sdf,data/pdbbind/general-set/1lf9/1lf9_ligand.mol2,data/pdbbind/general-set/1lf9/1lf9_protein.pdb,20,12.468798,11.811402,12.053913,12.241206,11.596213,12.042201,11.935902,12.287316,12.360966,12.527927,12.132586
6mdq,3.44,data/pdbbind/general-set/6mdq/6mdq_ligand.sdf,data/pdbbind/general-set/6mdq/6mdq_ligand.mol2,data/pdbbind/general-set/6mdq/6mdq_protein.pdb,21,3.1269913,3.6120095,3.399529,3.4145453,3.183969,3.818269,3.134546,3.253258,3.446423,3.5128956,3.3902435
3gzn,8.0,data/pdbbind/general-set/3gzn/3gzn_ligand.sdf,data/pdbbind/general-set/3gzn/3gzn_ligand.mol2,data/pdbbind/general-set/3gzn/3gzn_protein.pdb,22,8.076635,7.864429,8.095976,7.855698,7.7792306,7.9935374,7.587883,8.197302,7.9019446,7.845016,7.9197655
6hvs,5.23,data/pdbbind/general-set/6hvs/6hvs_ligand.sdf,data/pdbbind/general-set/6hvs/6hvs_ligand.mol2,data/pdbbind/general-set/6hvs/6hvs_protein.pdb,23,5.3507977,5.521215,5.147726,5.136976,5.196349,4.9361267,5.2700057,5.33663,5.361773,5.119135,5.2376738
1gah,12.0,data/pdbbind/general-set/1gah/1gah_ligand.sdf,data/pdbbind/general-set/1gah/1gah_ligand.mol2,data/pdbbind/general-set/1gah/1gah_protein.pdb,24,12.349844,11.821195,11.88274,11.711128,11.90549,12.344924,11.499185,12.761726,12.556839,12.405689,12.123876
6g34,8.24,data/pdbbind/refined-set/6g34/6g34_ligand.sdf,data/pdbbind/refined-set/6g34/6g34_ligand.mol2,data/pdbbind/refined-set/6g34/6g34_protein.pdb,25,8.215596,8.241199,8.342731,8.229,8.580955,8.260137,8.11614,8.419578,8.107381,8.447483,8.2960205
6awo,8.7,data/pdbbind/general-set/6awo/6awo_ligand.sdf,data/pdbbind/general-set/6awo/6awo_ligand.mol2,data/pdbbind/general-set/6awo/6awo_protein.pdb,26,8.88293,8.479767,8.919143,8.8746,8.744188,9.042367,8.982849,8.709948,8.592586,8.541212,8.776958
1mto,6.96,data/pdbbind/general-set/1mto/1mto_ligand.sdf,data/pdbbind/general-set/1mto/1mto_ligand.mol2,data/pdbbind/general-set/1mto/1mto_protein.pdb,27,6.726897,7.433663,6.904104,7.1074057,7.096633,7.20048,7.0441346,7.1624966,7.1318884,6.9824777,7.0790186
1mai,6.68,data/pdbbind/refined-set/1mai/1mai_ligand.sdf,data/pdbbind/refined-set/1mai/1mai_ligand.mol2,data/pdbbind/refined-set/1mai/1mai_protein.pdb,28,6.6479063,6.752574,6.9395432,7.449473,6.6224413,6.77667,6.744745,6.976305,6.6652527,6.3033648,6.7878275
4l23,7.75,data/pdbbind/general-set/4l23/4l23_ligand.sdf,data/pdbbind/general-set/4l23/4l23_ligand.mol2,data/pdbbind/general-set/4l23/4l23_protein.pdb,29,7.8246145,7.3230486,7.9592247,7.7556167,7.96715,7.759078,7.831476,7.7767324,7.6586576,7.7714314,7.762704
2zq0,6.82,data/pdbbind/refined-set/2zq0/2zq0_ligand.sdf,data/pdbbind/refined-set/2zq0/2zq0_ligand.mol2,data/pdbbind/refined-set/2zq0/2zq0_protein.pdb,30,6.494505,6.582474,7.3011074,6.5641994,6.46947,6.7977724,6.4159164,7.1693377,7.185418,6.217921,6.719812
3w37,5.18,data/pdbbind/refined-set/3w37/3w37_ligand.sdf,data/pdbbind/refined-set/3w37/3w37_ligand.mol2,data/pdbbind/refined-set/3w37/3w37_protein.pdb,31,5.024697,4.8885846,5.2886224,4.614033,5.1079516,4.865575,4.7742405,5.0287046,5.253786,5.21674,5.006294
1qpe,7.7,data/pdbbind/general-set/1qpe/1qpe_ligand.sdf,data/pdbbind/general-set/1qpe/1qpe_ligand.mol2,data/pdbbind/general-set/1qpe/1qpe_protein.pdb,32,7.7792063,7.586315,8.158337,7.7924614,7.722191,8.163272,7.7964053,7.777386,8.052774,7.7103724,7.853872
6h75,4.38,data/pdbbind/general-set/6h75/6h75_ligand.sdf,data/pdbbind/general-set/6h75/6h75_ligand.mol2,data/pdbbind/general-set/6h75/6h75_protein.pdb,33,4.212714,4.5805373,4.2463555,4.315925,4.3228087,4.135652,4.277053,4.311086,5.2465143,4.339556,4.39882
6a06,8.47,data/pdbbind/general-set/6a06/6a06_ligand.sdf,data/pdbbind/general-set/6a06/6a06_ligand.mol2,data/pdbbind/general-set/6a06/6a06_protein.pdb,34,8.493412,8.449099,8.413869,8.659832,8.564475,8.327547,8.081017,8.55414,8.404234,8.531941,8.447957
2xxt,8.05,data/pdbbind/refined-set/2xxt/2xxt_ligand.sdf,data/pdbbind/refined-set/2xxt/2xxt_ligand.mol2,data/pdbbind/refined-set/2xxt/2xxt_protein.pdb,35,8.161069,8.071297,8.020414,8.324638,8.254991,8.060091,7.950316,8.201601,8.053165,8.026082,8.112367
6g33,8.15,data/pdbbind/general-set/6g33/6g33_ligand.sdf,data/pdbbind/general-set/6g33/6g33_ligand.mol2,data/pdbbind/general-set/6g33/6g33_protein.pdb,36,8.174366,8.116178,8.189619,8.11827,8.363911,8.20146,7.8900676,8.26167,8.201568,8.208032,8.172514
3unk,4.82,data/pdbbind/general-set/3unk/3unk_ligand.sdf,data/pdbbind/general-set/3unk/3unk_ligand.mol2,data/pdbbind/general-set/3unk/3unk_protein.pdb,37,4.892467,4.9451494,4.9936113,4.710532,4.5002584,4.9698224,4.5584636,4.7315693,4.9784403,5.001003,4.8281317
4s2i,9.0,data/pdbbind/general-set/4s2i/4s2i_ligand.sdf,data/pdbbind/general-set/4s2i/4s2i_ligand.mol2,data/pdbbind/general-set/4s2i/4s2i_protein.pdb,38,8.711175,9.2906475,8.910855,8.988835,9.100888,8.756699,9.017816,9.045118,8.929691,9.138914,8.989064
1xk9,6.85,data/pdbbind/refined-set/1xk9/1xk9_ligand.sdf,data/pdbbind/refined-set/1xk9/1xk9_ligand.mol2,data/pdbbind/refined-set/1xk9/1xk9_protein.pdb,39,6.9889345,7.036886,6.958497,6.8683524,7.0259786,6.814746,6.840812,6.7857656,7.0856357,6.929183,6.9334793
3mn8,6.17,data/pdbbind/general-set/3mn8/3mn8_ligand.sdf,data/pdbbind/general-set/3mn8/3mn8_ligand.mol2,data/pdbbind/general-set/3mn8/3mn8_protein.pdb,40,6.0243287,6.1988115,6.4392295,6.507587,6.4426947,6.146255,6.436504,6.2775526,6.2793584,6.2110972,6.296342
2vxa,5.6,data/pdbbind/general-set/2vxa/2vxa_ligand.sdf,data/pdbbind/general-set/2vxa/2vxa_ligand.mol2,data/pdbbind/general-set/2vxa/2vxa_protein.pdb,41,6.026523,5.9109626,6.008397,5.3651013,5.8373265,5.7829943,5.3720684,5.7354317,5.6510954,5.5923843,5.7282286
6f34,4.94,data/pdbbind/general-set/6f34/6f34_ligand.sdf,data/pdbbind/general-set/6f34/6f34_ligand.mol2,data/pdbbind/general-set/6f34/6f34_protein.pdb,42,4.9936204,5.0304637,4.6721926,4.812128,5.1357384,5.3909125,4.960678,4.868215,4.9057364,4.896168,4.966585
3uo5,7.41,data/pdbbind/general-set/3uo5/3uo5_ligand.sdf,data/pdbbind/general-set/3uo5/3uo5_ligand.mol2,data/pdbbind/general-set/3uo5/3uo5_protein.pdb,43,7.4018106,7.448137,7.401127,7.52512,7.4405007,7.553082,6.9830637,7.493016,7.539616,7.5208354,7.4306307
2q80,4.6,data/pdbbind/general-set/2q80/2q80_ligand.sdf,data/pdbbind/general-set/2q80/2q80_ligand.mol2,data/pdbbind/general-set/2q80/2q80_protein.pdb,44,4.6609936,4.5081267,4.4773316,4.567559,4.9406586,4.340798,4.5564375,4.555943,4.776126,4.585479,4.5969453
5ktx,7.7,data/pdbbind/general-set/5ktx/5ktx_ligand.sdf,data/pdbbind/general-set/5ktx/5ktx_ligand.mol2,data/pdbbind/general-set/5ktx/5ktx_protein.pdb,45,7.6958303,7.8388166,7.7524047,7.726441,7.3350534,7.5856476,7.574323,7.4685087,7.6490917,7.7098722,7.6335983
4bzr,7.6,data/pdbbind/general-set/4bzr/4bzr_ligand.sdf,data/pdbbind/general-set/4bzr/4bzr_ligand.mol2,data/pdbbind/general-set/4bzr/4bzr_protein.pdb,46,7.6407404,7.341599,7.537577,7.5309806,7.4065294,7.55576,7.5921817,7.434892,7.779089,7.5472746,7.536662
6nwl,7.37,data/pdbbind/refined-set/6nwl/6nwl_ligand.sdf,data/pdbbind/refined-set/6nwl/6nwl_ligand.mol2,data/pdbbind/refined-set/6nwl/6nwl_protein.pdb,47,7.537594,7.2519727,7.334129,7.0394225,7.014343,7.749379,7.07047,7.0775375,8.033465,7.452316,7.3560624
6f6n,3.02,data/pdbbind/general-set/6f6n/6f6n_ligand.sdf,data/pdbbind/general-set/6f6n/6f6n_ligand.mol2,data/pdbbind/general-set/6f6n/6f6n_protein.pdb,48,3.0396645,2.9080956,3.036431,2.9597938,2.6114137,3.0149522,2.994908,3.000341,2.9194949,3.1505432,2.9635637
4uiv,7.8,data/pdbbind/general-set/4uiv/4uiv_ligand.sdf,data/pdbbind/general-set/4uiv/4uiv_ligand.mol2,data/pdbbind/general-set/4uiv/4uiv_protein.pdb,49,7.608562,7.6702986,7.8557806,7.715262,7.786681,7.8589187,7.531333,7.751673,7.7926936,7.867214,7.7438416
1u2r,5.41,data/pdbbind/general-set/1u2r/1u2r_ligand.sdf,data/pdbbind/general-set/1u2r/1u2r_ligand.mol2,data/pdbbind/general-set/1u2r/1u2r_protein.pdb,50,5.5347753,5.2391987,5.6255164,5.3321238,5.460365,5.674951,5.559044,5.4749794,5.9392962,5.2563834,5.509663
5lj0,8.0,data/pdbbind/general-set/5lj0/5lj0_ligand.sdf,data/pdbbind/general-set/5lj0/5lj0_ligand.mol2,data/pdbbind/general-set/5lj0/5lj0_protein.pdb,51,7.6848636,7.8899484,8.43513,7.0195045,7.764497,7.8097906,7.955791,7.9875546,8.115441,8.156447,7.881897
1mx1,4.0,data/pdbbind/general-set/1mx1/1mx1_ligand.sdf,data/pdbbind/general-set/1mx1/1mx1_ligand.mol2,data/pdbbind/general-set/1mx1/1mx1_protein.pdb,52,3.2244878,4.0799017,4.015603,3.9492898,3.7265449,3.746546,3.8937662,4.341878,3.823166,4.168392,3.8969574
4tmk,7.7,data/pdbbind/refined-set/4tmk/4tmk_ligand.sdf,data/pdbbind/refined-set/4tmk/4tmk_ligand.mol2,data/pdbbind/refined-set/4tmk/4tmk_protein.pdb,53,7.9806066,7.233362,7.827185,7.5439143,7.8683643,7.7265563,7.7077208,7.801426,7.7286654,7.7475185,7.716532
3zy2,6.46,data/pdbbind/general-set/3zy2/3zy2_ligand.sdf,data/pdbbind/general-set/3zy2/3zy2_ligand.mol2,data/pdbbind/general-set/3zy2/3zy2_protein.pdb,54,6.38193,6.146785,6.658449,6.845204,6.5487356,6.321438,6.479019,6.508543,6.852695,6.286083,6.5028887
2l75,6.05,data/pdbbind/general-set/2l75/2l75_ligand.sdf,data/pdbbind/general-set/2l75/2l75_ligand.mol2,data/pdbbind/general-set/2l75/2l75_protein.pdb,55,5.85645,6.1388783,5.834295,5.9779663,5.9462376,6.5420966,5.6535473,6.152511,6.395613,5.965189,6.0462785
2y7i,5.54,data/pdbbind/refined-set/2y7i/2y7i_ligand.sdf,data/pdbbind/refined-set/2y7i/2y7i_ligand.mol2,data/pdbbind/refined-set/2y7i/2y7i_protein.pdb,56,5.5602894,5.741282,5.6839843,5.7175236,5.3483768,5.8250947,5.787549,5.513243,5.7033463,5.5044518,5.6385145
1h0a,5.44,data/pdbbind/refined-set/1h0a/1h0a_ligand.sdf,data/pdbbind/refined-set/1h0a/1h0a_ligand.mol2,data/pdbbind/refined-set/1h0a/1h0a_protein.pdb,57,5.622204,5.4921355,5.364744,5.795863,5.3644233,5.5350885,5.2805285,5.565686,5.275866,5.244572,5.4541116
1acj,8.09,data/pdbbind/general-set/1acj/1acj_ligand.sdf,data/pdbbind/general-set/1acj/1acj_ligand.mol2,data/pdbbind/general-set/1acj/1acj_protein.pdb,58,7.4510884,7.7880206,7.35929,7.3355665,6.8304367,6.547428,7.267686,7.57943,7.544864,7.2643337,7.296815
1tl9,5.52,data/pdbbind/general-set/1tl9/1tl9_ligand.sdf,data/pdbbind/general-set/1tl9/1tl9_ligand.mol2,data/pdbbind/general-set/1tl9/1tl9_protein.pdb,59,5.22535,5.7121577,5.807559,5.815717,5.6381364,5.6039324,5.138475,6.1057744,5.632993,5.7975616,5.647765
3gwu,4.71,data/pdbbind/general-set/3gwu/3gwu_ligand.sdf,data/pdbbind/general-set/3gwu/3gwu_ligand.mol2,data/pdbbind/general-set/3gwu/3gwu_protein.pdb,60,4.662265,5.482733,4.7339783,4.4610453,4.9906363,4.4137177,4.9826107,4.833081,4.4761577,4.791868,4.7828093
5umx,5.96,data/pdbbind/refined-set/5umx/5umx_ligand.sdf,data/pdbbind/refined-set/5umx/5umx_ligand.mol2,data/pdbbind/refined-set/5umx/5umx_protein.pdb,61,5.641607,6.110405,6.2722626,5.9041266,5.85032,6.0944457,5.7217603,5.5703607,5.733032,5.783245,5.8681564
2qwd,4.85,data/pdbbind/refined-set/2qwd/2qwd_ligand.sdf,data/pdbbind/refined-set/2qwd/2qwd_ligand.mol2,data/pdbbind/refined-set/2qwd/2qwd_protein.pdb,62,5.1851745,5.0393586,4.790171,4.7708745,4.991208,5.101702,4.756294,5.1190104,4.815932,4.369621,4.8939347
6mj7,2.82,data/pdbbind/refined-set/6mj7/6mj7_ligand.sdf,data/pdbbind/refined-set/6mj7/6mj7_ligand.mol2,data/pdbbind/refined-set/6mj7/6mj7_protein.pdb,63,2.6230185,2.8784392,2.8585765,2.793144,2.9196136,2.8283055,3.1235428,2.7696164,2.897457,3.1158056,2.880752
3n75,7.89,data/pdbbind/general-set/3n75/3n75_ligand.sdf,data/pdbbind/general-set/3n75/3n75_ligand.mol2,data/pdbbind/general-set/3n75/3n75_protein.pdb,64,8.032882,8.107356,7.936367,8.15472,8.065617,8.017501,8.005576,7.93516,7.9663897,7.9671288,8.01887
5hjq,4.72,data/pdbbind/refined-set/5hjq/5hjq_ligand.sdf,data/pdbbind/refined-set/5hjq/5hjq_ligand.mol2,data/pdbbind/refined-set/5hjq/5hjq_protein.pdb,65,5.1016192,4.9968934,5.122255,4.7526817,4.8372407,4.722122,4.556608,4.915799,4.534198,4.678375,4.8217793
6ela,7.59,data/pdbbind/general-set/6ela/6ela_ligand.sdf,data/pdbbind/general-set/6ela/6ela_ligand.mol2,data/pdbbind/general-set/6ela/6ela_protein.pdb,66,7.776415,7.377632,7.5590878,7.5037994,7.601164,7.660587,7.4190536,7.3809357,7.4438806,7.4635854,7.5186143
4jwk,8.32,data/pdbbind/refined-set/4jwk/4jwk_ligand.sdf,data/pdbbind/refined-set/4jwk/4jwk_ligand.mol2,data/pdbbind/refined-set/4jwk/4jwk_protein.pdb,67,8.372612,8.404128,8.041823,8.327166,8.43243,8.3512125,8.002917,8.279071,8.833131,8.436718,8.34812
1gj7,7.89,data/pdbbind/general-set/1gj7/1gj7_ligand.sdf,data/pdbbind/general-set/1gj7/1gj7_ligand.mol2,data/pdbbind/general-set/1gj7/1gj7_protein.pdb,68,7.9000587,7.7918243,7.9789424,7.5501084,7.436102,7.9735856,7.6709185,8.070857,7.9623938,7.717981,7.8052773
4uxh,5.96,data/pdbbind/general-set/4uxh/4uxh_ligand.sdf,data/pdbbind/general-set/4uxh/4uxh_ligand.mol2,data/pdbbind/general-set/4uxh/4uxh_protein.pdb,69,6.033948,5.866456,6.0688963,5.885282,5.7579846,6.0722613,5.990988,5.8346353,5.885797,5.8284082,5.9224653
6d3g,4.7,data/pdbbind/general-set/6d3g/6d3g_ligand.sdf,data/pdbbind/general-set/6d3g/6d3g_ligand.mol2,data/pdbbind/general-set/6d3g/6d3g_protein.pdb,70,4.9359117,4.5998597,4.5495944,4.511047,4.5117755,4.7269773,4.804797,4.523811,4.6872606,4.740223,4.659126
3su5,5.58,data/pdbbind/refined-set/3su5/3su5_ligand.sdf,data/pdbbind/refined-set/3su5/3su5_ligand.mol2,data/pdbbind/refined-set/3su5/3su5_protein.pdb,71,5.6920857,5.7745466,5.359805,5.895337,5.6338406,5.5658693,5.392595,5.82222,5.507752,5.834638,5.6478686
2zoq,6.05,data/pdbbind/general-set/2zoq/2zoq_ligand.sdf,data/pdbbind/general-set/2zoq/2zoq_ligand.mol2,data/pdbbind/general-set/2zoq/2zoq_protein.pdb,72,6.1422586,6.0289526,6.2510085,5.772402,6.1731944,5.8970056,5.8403172,5.609653,6.0117474,5.9705377,5.969708
3hv7,7.92,data/pdbbind/general-set/3hv7/3hv7_ligand.sdf,data/pdbbind/general-set/3hv7/3hv7_ligand.mol2,data/pdbbind/general-set/3hv7/3hv7_protein.pdb,73,7.9885197,7.976253,7.9048753,7.889152,7.7507343,8.035446,7.873339,7.877631,8.061228,8.046031,7.9403214
3sxf,8.6,data/pdbbind/refined-set/3sxf/3sxf_ligand.sdf,data/pdbbind/refined-set/3sxf/3sxf_ligand.mol2,data/pdbbind/refined-set/3sxf/3sxf_protein.pdb,74,8.154582,8.359394,8.483772,8.406573,8.388721,8.100083,8.324302,8.55238,8.542687,8.4578905,8.377039
4tjw,6.02,data/pdbbind/general-set/4tjw/4tjw_ligand.sdf,data/pdbbind/general-set/4tjw/4tjw_ligand.mol2,data/pdbbind/general-set/4tjw/4tjw_protein.pdb,75,6.2209864,6.0592184,5.971717,5.940081,6.1093354,5.9410005,6.0811377,6.2370095,5.972193,5.9041057,6.043679
3sv6,7.46,data/pdbbind/general-set/3sv6/3sv6_ligand.sdf,data/pdbbind/general-set/3sv6/3sv6_ligand.mol2,data/pdbbind/general-set/3sv6/3sv6_protein.pdb,76,7.386274,7.846553,7.5448766,7.312755,7.458154,7.681011,7.1830163,7.347063,7.687726,7.331017,7.477845
4uro,8.4,data/pdbbind/general-set/4uro/4uro_ligand.sdf,data/pdbbind/general-set/4uro/4uro_ligand.mol2,data/pdbbind/general-set/4uro/4uro_protein.pdb,77,8.124562,8.322065,8.768065,8.379641,8.255481,8.145707,8.032539,8.485378,8.78609,8.287601,8.358713
1btn,4.4,data/pdbbind/general-set/1btn/1btn_ligand.sdf,data/pdbbind/general-set/1btn/1btn_ligand.mol2,data/pdbbind/general-set/1btn/1btn_protein.pdb,78,4.7507377,4.9238977,4.6609464,4.4529486,4.6912465,4.640679,4.253871,4.65546,4.331565,4.330095,4.5691442
2iw8,6.99,data/pdbbind/general-set/2iw8/2iw8_ligand.sdf,data/pdbbind/general-set/2iw8/2iw8_ligand.mol2,data/pdbbind/general-set/2iw8/2iw8_protein.pdb,79,7.5501823,7.141092,7.5833373,7.567482,7.0664077,7.47768,7.3367343,7.003421,7.3338194,7.675349,7.3735504
2c6o,8.22,data/pdbbind/general-set/2c6o/2c6o_ligand.sdf,data/pdbbind/general-set/2c6o/2c6o_ligand.mol2,data/pdbbind/general-set/2c6o/2c6o_protein.pdb,80,8.026838,8.344078,8.280065,8.387888,8.160897,8.151596,7.7721977,8.09956,8.129936,8.429634,8.178269
5ukj,7.16,data/pdbbind/general-set/5ukj/5ukj_ligand.sdf,data/pdbbind/general-set/5ukj/5ukj_ligand.mol2,data/pdbbind/general-set/5ukj/5ukj_protein.pdb,81,6.5994496,7.0052786,7.3804092,7.11818,6.9976854,7.3015466,6.854009,7.261683,7.274941,7.4288616,7.122205
1trd,5.4,data/pdbbind/refined-set/1trd/1trd_ligand.sdf,data/pdbbind/refined-set/1trd/1trd_ligand.mol2,data/pdbbind/refined-set/1trd/1trd_protein.pdb,82,5.6742344,5.339442,5.3438644,5.6477575,5.672783,5.433331,5.5345907,5.4108872,4.89889,5.4118423,5.436763
6gu7,5.81,data/pdbbind/general-set/6gu7/6gu7_ligand.sdf,data/pdbbind/general-set/6gu7/6gu7_ligand.mol2,data/pdbbind/general-set/6gu7/6gu7_protein.pdb,83,5.9505343,5.7513013,6.108249,5.823206,5.996754,5.7808504,5.4805927,5.977936,6.2817707,6.122869,5.927406
2l3r,4.66,data/pdbbind/general-set/2l3r/2l3r_ligand.sdf,data/pdbbind/general-set/2l3r/2l3r_ligand.mol2,data/pdbbind/general-set/2l3r/2l3r_protein.pdb,84,4.9135323,4.864174,4.678384,4.8909435,4.7456737,5.064431,4.7221975,4.875159,4.9050565,4.9865203,4.8646073
1ydb,8.24,data/pdbbind/refined-set/1ydb/1ydb_ligand.sdf,data/pdbbind/refined-set/1ydb/1ydb_ligand.mol2,data/pdbbind/refined-set/1ydb/1ydb_protein.pdb,85,8.447385,8.0665865,8.255028,8.428137,8.077584,8.054779,8.131303,8.04277,8.090012,8.227963,8.182155
5l6i,4.35,data/pdbbind/general-set/5l6i/5l6i_ligand.sdf,data/pdbbind/general-set/5l6i/5l6i_ligand.mol2,data/pdbbind/general-set/5l6i/5l6i_protein.pdb,86,4.5057583,4.4717255,4.5852065,4.2976303,3.9058633,4.4374623,4.2393093,4.215339,4.502278,4.343793,4.350436
6huc,7.59,data/pdbbind/general-set/6huc/6huc_ligand.sdf,data/pdbbind/general-set/6huc/6huc_ligand.mol2,data/pdbbind/general-set/6huc/6huc_protein.pdb,87,7.567618,7.9829307,7.498671,7.6528144,7.661661,7.0610766,7.337608,7.8181553,7.6242337,7.877852,7.6082625
1gj6,7.0,data/pdbbind/refined-set/1gj6/1gj6_ligand.sdf,data/pdbbind/refined-set/1gj6/1gj6_ligand.mol2,data/pdbbind/refined-set/1gj6/1gj6_protein.pdb,88,7.109938,7.189651,7.1362677,6.8974805,6.859457,7.032389,6.90086,6.9297247,7.123729,6.8182964,6.9997797
1yda,6.55,data/pdbbind/refined-set/1yda/1yda_ligand.sdf,data/pdbbind/refined-set/1yda/1yda_ligand.mol2,data/pdbbind/refined-set/1yda/1yda_protein.pdb,89,6.7336655,6.5068645,6.3177247,6.592396,6.52118,6.638783,6.3813543,6.3179774,6.5799475,6.4721994,6.5062094
6agp,5.05,data/pdbbind/general-set/6agp/6agp_ligand.sdf,data/pdbbind/general-set/6agp/6agp_ligand.mol2,data/pdbbind/general-set/6agp/6agp_protein.pdb,90,4.9464726,4.667305,5.2424927,4.8757977,5.072709,5.216193,5.188788,5.1624594,5.394775,5.0145483,5.0781546
2xxy,7.89,data/pdbbind/general-set/2xxy/2xxy_ligand.sdf,data/pdbbind/general-set/2xxy/2xxy_ligand.mol2,data/pdbbind/general-set/2xxy/2xxy_protein.pdb,91,7.7104692,7.894946,7.869003,8.076525,7.935445,7.9635687,7.7791,7.814756,7.9356136,7.9537387,7.893316
5za2,5.77,data/pdbbind/general-set/5za2/5za2_ligand.sdf,data/pdbbind/general-set/5za2/5za2_ligand.mol2,data/pdbbind/general-set/5za2/5za2_protein.pdb,92,6.256062,5.551344,5.6533794,5.615974,5.6439075,5.9538155,5.8936076,5.60322,5.5521555,6.0426087,5.7766075
6g14,5.49,data/pdbbind/refined-set/6g14/6g14_ligand.sdf,data/pdbbind/refined-set/6g14/6g14_ligand.mol2,data/pdbbind/refined-set/6g14/6g14_protein.pdb,93,5.52793,5.440812,5.736818,5.483926,5.4670854,5.4896526,5.155056,5.1859226,5.8090153,5.495151,5.479137
1ghy,8.1,data/pdbbind/refined-set/1ghy/1ghy_ligand.sdf,data/pdbbind/refined-set/1ghy/1ghy_ligand.mol2,data/pdbbind/refined-set/1ghy/1ghy_protein.pdb,94,8.090552,8.04143,8.387294,8.187679,8.128853,8.05712,8.111567,8.380847,8.231127,8.224387,8.184085
1km3,4.91,data/pdbbind/refined-set/1km3/1km3_ligand.sdf,data/pdbbind/refined-set/1km3/1km3_ligand.mol2,data/pdbbind/refined-set/1km3/1km3_protein.pdb,95,4.798075,4.963364,5.229275,4.763199,5.080362,5.119272,4.8668704,5.3889227,5.015246,5.002685,5.0227275
1xhy,6.18,data/pdbbind/refined-set/1xhy/1xhy_ligand.sdf,data/pdbbind/refined-set/1xhy/1xhy_ligand.mol2,data/pdbbind/refined-set/1xhy/1xhy_protein.pdb,96,6.048481,5.8914495,5.835754,6.0678787,6.3014927,6.490263,6.1868987,6.56555,6.6260314,5.511131,6.1524925
2zjf,7.72,data/pdbbind/general-set/2zjf/2zjf_ligand.sdf,data/pdbbind/general-set/2zjf/2zjf_ligand.mol2,data/pdbbind/general-set/2zjf/2zjf_protein.pdb,97,7.852372,7.551613,7.7248125,8.009418,7.5457764,7.61829,7.5942607,7.6428437,8.170729,7.708766,7.7418876
4y24,6.66,data/pdbbind/general-set/4y24/4y24_ligand.sdf,data/pdbbind/general-set/4y24/4y24_ligand.mol2,data/pdbbind/general-set/4y24/4y24_protein.pdb,98,6.7699413,6.804817,6.6648393,6.87807,6.389662,6.5762663,6.2498846,6.6154118,6.8978877,6.6191673,6.646596
1n4k,10.05,data/pdbbind/refined-set/1n4k/1n4k_ligand.sdf,data/pdbbind/refined-set/1n4k/1n4k_ligand.mol2,data/pdbbind/refined-set/1n4k/1n4k_protein.pdb,99,10.168076,10.195138,10.341578,10.790289,10.17741,9.905847,10.045367,10.275379,10.314095,9.885936,10.20991
4bjb,6.66,data/pdbbind/general-set/4bjb/4bjb_ligand.sdf,data/pdbbind/general-set/4bjb/4bjb_ligand.mol2,data/pdbbind/general-set/4bjb/4bjb_protein.pdb,100,7.0724587,6.583521,6.659872,6.6897373,6.7669234,6.251441,6.6028876,6.694656,6.527722,6.5097775,6.6358995
1y0x,8.7,data/pdbbind/general-set/1y0x/1y0x_ligand.sdf,data/pdbbind/general-set/1y0x/1y0x_ligand.mol2,data/pdbbind/general-set/1y0x/1y0x_protein.pdb,101,8.344071,8.707355,8.596454,8.465377,8.75201,8.115346,8.408775,8.871958,8.757676,9.004343,8.602336
4urn,4.46,data/pdbbind/general-set/4urn/4urn_ligand.sdf,data/pdbbind/general-set/4urn/4urn_ligand.mol2,data/pdbbind/general-set/4urn/4urn_protein.pdb,102,4.452166,4.279608,4.3563886,4.1119547,4.568669,4.459471,4.315348,4.714457,4.7450466,4.2980475,4.430115
2ces,7.25,data/pdbbind/refined-set/2ces/2ces_ligand.sdf,data/pdbbind/refined-set/2ces/2ces_ligand.mol2,data/pdbbind/refined-set/2ces/2ces_protein.pdb,103,7.8291106,7.0426,7.812167,7.143736,7.53325,7.4355392,7.0052476,6.9938264,7.3384237,7.446836,7.358074
4ksy,8.42,data/pdbbind/refined-set/4ksy/4ksy_ligand.sdf,data/pdbbind/refined-set/4ksy/4ksy_ligand.mol2,data/pdbbind/refined-set/4ksy/4ksy_protein.pdb,104,8.09034,8.249539,8.491001,8.412373,8.543844,8.348469,8.055384,8.443945,8.526643,8.616827,8.377836
1tq4,6.19,data/pdbbind/refined-set/1tq4/1tq4_ligand.sdf,data/pdbbind/refined-set/1tq4/1tq4_ligand.mol2,data/pdbbind/refined-set/1tq4/1tq4_protein.pdb,105,6.2120924,6.246578,6.2667127,6.0589194,6.039144,6.1195397,6.3750415,5.892722,6.4202967,5.988929,6.161998
3tao,5.14,data/pdbbind/refined-set/3tao/3tao_ligand.sdf,data/pdbbind/refined-set/3tao/3tao_ligand.mol2,data/pdbbind/refined-set/3tao/3tao_protein.pdb,106,5.214093,5.15566,5.392699,5.263868,5.223885,4.9186335,5.049109,4.7119074,5.203841,5.37929,5.151299
6gu3,5.36,data/pdbbind/general-set/6gu3/6gu3_ligand.sdf,data/pdbbind/general-set/6gu3/6gu3_ligand.mol2,data/pdbbind/general-set/6gu3/6gu3_protein.pdb,107,6.981044,7.219467,6.8567333,6.846189,6.972431,6.8368063,6.3049226,7.000197,6.878192,6.961002,6.885699
1d2e,6.0,data/pdbbind/refined-set/1d2e/1d2e_ligand.sdf,data/pdbbind/refined-set/1d2e/1d2e_ligand.mol2,data/pdbbind/refined-set/1d2e/1d2e_protein.pdb,108,5.9620967,5.652106,6.000066,6.1102715,5.944992,6.1391525,6.1800776,6.0330863,6.273034,5.833374,6.0128255
1v0o,5.26,data/pdbbind/general-set/1v0o/1v0o_ligand.sdf,data/pdbbind/general-set/1v0o/1v0o_ligand.mol2,data/pdbbind/general-set/1v0o/1v0o_protein.pdb,109,5.4930034,5.1540594,5.6099524,4.9848833,5.0766664,5.204358,5.239785,4.892227,5.147758,5.048906,5.1851597
5m57,4.92,data/pdbbind/general-set/5m57/5m57_ligand.sdf,data/pdbbind/general-set/5m57/5m57_ligand.mol2,data/pdbbind/general-set/5m57/5m57_protein.pdb,110,6.061134,6.7049165,6.6940613,6.0025043,7.0196304,6.8570514,6.7865343,6.389933,7.1245255,6.37426,6.6014557
4hfp,7.38,data/pdbbind/refined-set/4hfp/4hfp_ligand.sdf,data/pdbbind/refined-set/4hfp/4hfp_ligand.mol2,data/pdbbind/refined-set/4hfp/4hfp_protein.pdb,111,6.9679008,7.5220137,7.338459,7.263614,7.327624,7.426298,7.380495,7.6690383,7.5867553,7.09832,7.3580513
5faq,5.28,data/pdbbind/general-set/5faq/5faq_ligand.sdf,data/pdbbind/general-set/5faq/5faq_ligand.mol2,data/pdbbind/general-set/5faq/5faq_protein.pdb,112,5.4712353,5.329525,5.122227,5.261812,5.2596684,5.647975,5.170765,5.4821696,5.3299446,5.3556952,5.3431015
5u51,4.92,data/pdbbind/general-set/5u51/5u51_ligand.sdf,data/pdbbind/general-set/5u51/5u51_ligand.mol2,data/pdbbind/general-set/5u51/5u51_protein.pdb,113,5.1140633,5.076559,5.1749516,5.3419333,5.1154046,5.0986953,4.929778,5.146541,5.1819177,4.769307,5.0949154
5umw,4.23,data/pdbbind/general-set/5umw/5umw_ligand.sdf,data/pdbbind/general-set/5umw/5umw_ligand.mol2,data/pdbbind/general-set/5umw/5umw_protein.pdb,114,4.3066716,4.433372,4.741739,4.120883,4.350321,4.3813453,4.183191,4.1143746,4.1997156,4.282688,4.31143
5e89,7.85,data/pdbbind/refined-set/5e89/5e89_ligand.sdf,data/pdbbind/refined-set/5e89/5e89_ligand.mol2,data/pdbbind/refined-set/5e89/5e89_protein.pdb,115,7.8312693,7.764082,7.6897106,7.889528,7.550462,7.860546,7.6682143,7.7540994,7.9892497,7.581557,7.757872
4uiy,5.6,data/pdbbind/general-set/4uiy/4uiy_ligand.sdf,data/pdbbind/general-set/4uiy/4uiy_ligand.mol2,data/pdbbind/general-set/4uiy/4uiy_protein.pdb,116,5.600022,5.778402,5.6396756,5.500861,5.608597,5.6376085,5.760224,5.6372523,5.5136924,5.649824,5.6326156
3uqf,4.7,data/pdbbind/general-set/3uqf/3uqf_ligand.sdf,data/pdbbind/general-set/3uqf/3uqf_ligand.mol2,data/pdbbind/general-set/3uqf/3uqf_protein.pdb,117,4.5214224,4.613064,5.077523,4.706025,4.5726614,4.6877437,4.654196,4.965659,4.747556,4.563112,4.710896
3bwk,3.94,data/pdbbind/general-set/3bwk/3bwk_ligand.sdf,data/pdbbind/general-set/3bwk/3bwk_ligand.mol2,data/pdbbind/general-set/3bwk/3bwk_protein.pdb,118,3.6984005,4.055647,3.950709,3.6036808,3.6301467,3.979875,3.912525,3.9990375,4.1768165,3.8508315,3.8857665
1a99,5.7,data/pdbbind/refined-set/1a99/1a99_ligand.sdf,data/pdbbind/refined-set/1a99/1a99_ligand.mol2,data/pdbbind/refined-set/1a99/1a99_protein.pdb,119,5.841287,6.20385,6.828791,6.0645437,6.6791444,6.1802697,5.9946275,6.313981,6.0534935,6.395369,6.255536
4rn6,5.1,data/pdbbind/general-set/4rn6/4rn6_ligand.sdf,data/pdbbind/general-set/4rn6/4rn6_ligand.mol2,data/pdbbind/general-set/4rn6/4rn6_protein.pdb,120,4.9738755,5.003191,5.312908,5.1819086,5.0142837,5.1403546,5.0828505,4.827473,5.0552096,5.0513606,5.0643415
1dar,4.96,data/pdbbind/refined-set/1dar/1dar_ligand.sdf,data/pdbbind/refined-set/1dar/1dar_ligand.mol2,data/pdbbind/refined-set/1dar/1dar_protein.pdb,121,5.0237093,4.619274,4.924358,4.9826474,4.892429,5.195514,5.1721697,4.897468,5.341753,4.7495923,4.979892
3e81,1.43,data/pdbbind/general-set/3e81/3e81_ligand.sdf,data/pdbbind/general-set/3e81/3e81_ligand.mol2,data/pdbbind/general-set/3e81/3e81_protein.pdb,122,1.2299017,1.2142609,1.4372467,1.4277018,1.3742503,1.606891,1.7910961,1.2814158,1.4302505,1.4111098,1.4204124
1g1e,7.54,data/pdbbind/general-set/1g1e/1g1e_ligand.sdf,data/pdbbind/general-set/1g1e/1g1e_ligand.mol2,data/pdbbind/general-set/1g1e/1g1e_protein.pdb,123,7.312183,7.6202035,7.410201,7.592684,7.3674464,7.7232842,6.9962087,7.3186126,7.4337535,7.5890903,7.436366
4waf,5.0,data/pdbbind/general-set/4waf/4waf_ligand.sdf,data/pdbbind/general-set/4waf/4waf_ligand.mol2,data/pdbbind/general-set/4waf/4waf_protein.pdb,124,4.7759776,5.1982965,5.4467363,4.5458846,4.961647,5.0530686,4.850763,5.2211533,4.93296,5.1145487,5.010103
5l44,4.4,data/pdbbind/general-set/5l44/5l44_ligand.sdf,data/pdbbind/general-set/5l44/5l44_ligand.mol2,data/pdbbind/general-set/5l44/5l44_protein.pdb,125,4.317011,4.577738,4.703493,4.5645647,4.554325,4.354251,4.3931355,4.390295,4.581181,4.71174,4.5147734
3ucj,6.0,data/pdbbind/refined-set/3ucj/3ucj_ligand.sdf,data/pdbbind/refined-set/3ucj/3ucj_ligand.mol2,data/pdbbind/refined-set/3ucj/3ucj_protein.pdb,126,6.194151,5.945311,6.03389,6.197994,5.6445026,6.1950207,6.0075574,5.6929946,5.851489,5.9662375,5.9729147
4few,5.21,data/pdbbind/refined-set/4few/4few_ligand.sdf,data/pdbbind/refined-set/4few/4few_ligand.mol2,data/pdbbind/refined-set/4few/4few_protein.pdb,127,4.9619303,5.105552,5.635854,5.517305,5.1715803,5.1989017,5.410593,5.187154,5.3290076,5.2043214,5.2722197
3b50,7.55,data/pdbbind/refined-set/3b50/3b50_ligand.sdf,data/pdbbind/refined-set/3b50/3b50_ligand.mol2,data/pdbbind/refined-set/3b50/3b50_protein.pdb,128,7.6026964,7.8017354,7.7009315,7.4722533,7.565893,7.680721,7.44787,7.4932537,7.6667476,7.275272,7.570737
4o2b,5.74,data/pdbbind/refined-set/4o2b/4o2b_ligand.sdf,data/pdbbind/refined-set/4o2b/4o2b_ligand.mol2,data/pdbbind/refined-set/4o2b/4o2b_protein.pdb,129,5.682141,5.8873935,5.6671214,5.533846,5.582924,5.7775793,5.7897487,5.6368175,5.8572283,5.839604,5.72544
3gvu,8.0,data/pdbbind/refined-set/3gvu/3gvu_ligand.sdf,data/pdbbind/refined-set/3gvu/3gvu_ligand.mol2,data/pdbbind/refined-set/3gvu/3gvu_protein.pdb,130,7.9099526,8.174265,8.153551,7.802142,7.561657,8.213149,7.9908676,8.112113,7.827759,7.9973035,7.974276
4wmc,8.05,data/pdbbind/general-set/4wmc/4wmc_ligand.sdf,data/pdbbind/general-set/4wmc/4wmc_ligand.mol2,data/pdbbind/general-set/4wmc/4wmc_protein.pdb,131,8.062653,7.907494,7.9768043,8.045406,8.203438,8.035617,8.05533,8.142642,8.001569,7.892646,8.03236
1zsb,0.6,data/pdbbind/general-set/1zsb/1zsb_ligand.sdf,data/pdbbind/general-set/1zsb/1zsb_ligand.mol2,data/pdbbind/general-set/1zsb/1zsb_protein.pdb,132,-0.2024833,0.7607392,-0.08778489,0.010078787,0.014118551,0.368513,1.2037338,0.02073562,0.18852031,-0.51194346,0.17642273
1xbb,5.3,data/pdbbind/general-set/1xbb/1xbb_ligand.sdf,data/pdbbind/general-set/1xbb/1xbb_ligand.mol2,data/pdbbind/general-set/1xbb/1xbb_protein.pdb,133,5.365204,5.576176,5.294646,5.364757,5.259777,5.472512,5.2088146,5.1219325,5.3193336,5.3501153,5.333327
1mrn,4.52,data/pdbbind/refined-set/1mrn/1mrn_ligand.sdf,data/pdbbind/refined-set/1mrn/1mrn_ligand.mol2,data/pdbbind/refined-set/1mrn/1mrn_protein.pdb,134,4.7383494,4.656388,4.456798,4.573663,4.543499,4.567231,4.6916146,4.61011,4.7356257,4.740091,4.631337
6c67,5.92,data/pdbbind/general-set/6c67/6c67_ligand.sdf,data/pdbbind/general-set/6c67/6c67_ligand.mol2,data/pdbbind/general-set/6c67/6c67_protein.pdb,135,6.155867,5.972992,6.120407,5.706366,6.2624936,6.015988,5.858542,5.985346,6.1688833,5.8762507,6.012314
6q5b,5.89,data/pdbbind/general-set/6q5b/6q5b_ligand.sdf,data/pdbbind/general-set/6q5b/6q5b_ligand.mol2,data/pdbbind/general-set/6q5b/6q5b_protein.pdb,136,6.0263476,5.8564544,5.7072086,5.9052815,5.6762137,5.8622136,5.5053873,5.6597576,5.8485537,6.040485,5.8087907
2vc9,8.44,data/pdbbind/refined-set/2vc9/2vc9_ligand.sdf,data/pdbbind/refined-set/2vc9/2vc9_ligand.mol2,data/pdbbind/refined-set/2vc9/2vc9_protein.pdb,137,8.364512,8.334212,8.300798,8.577219,8.25017,8.232901,8.318818,8.55052,9.016217,8.067128,8.401251
3tmk,6.87,data/pdbbind/refined-set/3tmk/3tmk_ligand.sdf,data/pdbbind/refined-set/3tmk/3tmk_ligand.mol2,data/pdbbind/refined-set/3tmk/3tmk_protein.pdb,138,6.8681326,6.463798,6.859595,6.942257,6.6609898,6.810772,6.7631803,6.677171,7.2333903,6.8231587,6.810244
3jzj,3.61,data/pdbbind/refined-set/3jzj/3jzj_ligand.sdf,data/pdbbind/refined-set/3jzj/3jzj_ligand.mol2,data/pdbbind/refined-set/3jzj/3jzj_protein.pdb,139,4.1233706,3.3590684,3.6701083,3.1063604,3.21833,3.9007168,3.4104452,3.573804,3.8814497,3.5681112,3.5811763
4zs2,5.49,data/pdbbind/general-set/4zs2/4zs2_ligand.sdf,data/pdbbind/general-set/4zs2/4zs2_ligand.mol2,data/pdbbind/general-set/4zs2/4zs2_protein.pdb,140,5.730267,5.3899035,5.681999,5.373058,5.3710117,5.708319,5.352075,5.4404917,5.3380084,5.46547,5.48506
3gpe,5.74,data/pdbbind/general-set/3gpe/3gpe_ligand.sdf,data/pdbbind/general-set/3gpe/3gpe_ligand.mol2,data/pdbbind/general-set/3gpe/3gpe_protein.pdb,141,6.470815,6.035139,6.1660614,5.788708,5.331326,6.058374,5.777376,5.863803,5.6552906,5.637446,5.878434
4re3,8.57,data/pdbbind/general-set/4re3/4re3_ligand.sdf,data/pdbbind/general-set/4re3/4re3_ligand.mol2,data/pdbbind/general-set/4re3/4re3_protein.pdb,142,8.870019,8.668915,9.092296,8.535345,8.501675,8.558461,8.281805,8.606811,8.72402,8.956905,8.679625
4pda,4.21,data/pdbbind/general-set/4pda/4pda_ligand.sdf,data/pdbbind/general-set/4pda/4pda_ligand.mol2,data/pdbbind/general-set/4pda/4pda_protein.pdb,143,4.1301455,4.080571,4.5146294,4.282625,4.183638,4.4402695,4.0965323,3.959936,4.289333,4.568489,4.2546167
1drk,6.82,data/pdbbind/refined-set/1drk/1drk_ligand.sdf,data/pdbbind/refined-set/1drk/1drk_ligand.mol2,data/pdbbind/refined-set/1drk/1drk_protein.pdb,144,6.8084154,7.39163,6.4780836,6.900235,6.9253435,6.814115,6.8087564,6.8649144,6.872813,6.8361883,6.8700495
1ogd,3.03,data/pdbbind/refined-set/1ogd/1ogd_ligand.sdf,data/pdbbind/refined-set/1ogd/1ogd_ligand.mol2,data/pdbbind/refined-set/1ogd/1ogd_protein.pdb,145,3.1095324,2.8133957,2.9190152,3.0344791,3.025351,2.9543512,3.2421098,3.0349133,3.1429224,3.121599,3.0397668
1iep,7.0,data/pdbbind/general-set/1iep/1iep_ligand.sdf,data/pdbbind/general-set/1iep/1iep_ligand.mol2,data/pdbbind/general-set/1iep/1iep_protein.pdb,146,6.859811,7.033259,7.062908,6.6858606,6.7468405,7.170698,7.1369944,7.416778,7.279771,7.158394,7.0551314
2wf5,6.0,data/pdbbind/refined-set/2wf5/2wf5_ligand.sdf,data/pdbbind/refined-set/2wf5/2wf5_ligand.mol2,data/pdbbind/refined-set/2wf5/2wf5_protein.pdb,147,5.559699,5.658733,5.8599887,6.2411914,5.7773995,5.951339,5.8801856,6.0861197,6.0528975,5.868959,5.893651
1s5q,5.28,data/pdbbind/general-set/1s5q/1s5q_ligand.sdf,data/pdbbind/general-set/1s5q/1s5q_ligand.mol2,data/pdbbind/general-set/1s5q/1s5q_protein.pdb,148,5.524315,5.4601407,5.2723827,5.2870984,5.1798797,5.4341097,4.5085516,5.2574234,5.045595,5.4017706,5.237127
3blr,8.19,data/pdbbind/general-set/3blr/3blr_ligand.sdf,data/pdbbind/general-set/3blr/3blr_ligand.mol2,data/pdbbind/general-set/3blr/3blr_protein.pdb,149,8.376208,8.03677,8.221272,8.063136,7.9027796,8.32715,8.049447,7.761435,8.076558,8.148676,8.096343
5ku3,4.89,data/pdbbind/general-set/5ku3/5ku3_ligand.sdf,data/pdbbind/general-set/5ku3/5ku3_ligand.mol2,data/pdbbind/general-set/5ku3/5ku3_protein.pdb,150,4.9958043,5.182468,5.246498,5.0657415,4.799198,4.6896744,4.757309,4.787799,5.177162,4.8208685,4.9522524
4o55,5.3,data/pdbbind/general-set/4o55/4o55_ligand.sdf,data/pdbbind/general-set/4o55/4o55_ligand.mol2,data/pdbbind/general-set/4o55/4o55_protein.pdb,151,5.0073013,5.3275275,5.405099,5.1914473,5.468958,5.178714,5.2468038,5.5324163,5.736097,5.7473073,5.384167
4bzs,7.12,data/pdbbind/general-set/4bzs/4bzs_ligand.sdf,data/pdbbind/general-set/4bzs/4bzs_ligand.mol2,data/pdbbind/general-set/4bzs/4bzs_protein.pdb,152,7.126714,7.1384296,7.112212,7.1116242,7.015505,7.196619,7.2399035,6.8937078,7.285533,7.2823696,7.1402617
3suv,4.55,data/pdbbind/refined-set/3suv/3suv_ligand.sdf,data/pdbbind/refined-set/3suv/3suv_ligand.mol2,data/pdbbind/refined-set/3suv/3suv_protein.pdb,153,4.511133,4.5174456,4.4235506,4.4149776,4.5932603,4.494551,4.5217314,4.598242,4.4155736,3.9481235,4.4438586
4r74,8.1,data/pdbbind/refined-set/4r74/4r74_ligand.sdf,data/pdbbind/refined-set/4r74/4r74_ligand.mol2,data/pdbbind/refined-set/4r74/4r74_protein.pdb,154,8.130016,8.111409,7.7655435,7.9995856,7.8078303,8.117445,8.195925,8.085641,8.5903845,8.130876,8.093466
5nkn,9.92,data/pdbbind/general-set/5nkn/5nkn_ligand.sdf,data/pdbbind/general-set/5nkn/5nkn_ligand.mol2,data/pdbbind/general-set/5nkn/5nkn_protein.pdb,155,9.800716,10.001261,10.222831,9.639621,9.831738,9.643871,9.831384,9.938817,10.024177,10.157404,9.909182
3gdt,7.19,data/pdbbind/refined-set/3gdt/3gdt_ligand.sdf,data/pdbbind/refined-set/3gdt/3gdt_ligand.mol2,data/pdbbind/refined-set/3gdt/3gdt_protein.pdb,156,7.4590964,7.3165245,7.2672796,6.912273,7.1104565,7.205418,7.404243,7.327905,7.2752943,7.5536246,7.2832117
5gs9,5.26,data/pdbbind/refined-set/5gs9/5gs9_ligand.sdf,data/pdbbind/refined-set/5gs9/5gs9_ligand.mol2,data/pdbbind/refined-set/5gs9/5gs9_protein.pdb,157,5.725966,5.444654,4.798957,5.228707,5.7669168,5.88034,5.576786,5.5680976,5.944659,5.1802306,5.511531
6ml9,5.3,data/pdbbind/refined-set/6ml9/6ml9_ligand.sdf,data/pdbbind/refined-set/6ml9/6ml9_ligand.mol2,data/pdbbind/refined-set/6ml9/6ml9_protein.pdb,158,5.2544065,5.458765,5.7411156,5.9801965,5.2029877,5.2781816,5.6014667,5.3620152,5.6826634,5.174531,5.473633
4bkj,8.72,data/pdbbind/general-set/4bkj/4bkj_ligand.sdf,data/pdbbind/general-set/4bkj/4bkj_ligand.mol2,data/pdbbind/general-set/4bkj/4bkj_protein.pdb,159,8.524334,8.793052,8.755426,8.587203,8.476945,8.999032,8.63025,8.968642,8.501606,8.655375,8.689185
1y3v,5.64,data/pdbbind/refined-set/1y3v/1y3v_ligand.sdf,data/pdbbind/refined-set/1y3v/1y3v_ligand.mol2,data/pdbbind/refined-set/1y3v/1y3v_protein.pdb,160,5.497892,5.85681,5.405312,5.6048765,5.547144,5.6503444,5.5553784,5.4431276,5.694696,5.6487846,5.590436
3f3t,4.59,data/pdbbind/general-set/3f3t/3f3t_ligand.sdf,data/pdbbind/general-set/3f3t/3f3t_ligand.mol2,data/pdbbind/general-set/3f3t/3f3t_protein.pdb,161,4.7308025,4.924554,4.751976,4.8054066,4.5641656,4.4800377,5.009181,4.5858827,4.74986,4.7985935,4.740046
5lqf,6.6,data/pdbbind/general-set/5lqf/5lqf_ligand.sdf,data/pdbbind/general-set/5lqf/5lqf_ligand.mol2,data/pdbbind/general-set/5lqf/5lqf_protein.pdb,162,6.4864473,6.834648,6.779495,6.6725945,6.3948107,6.6402993,6.178475,6.386063,6.504246,6.6703486,6.5547423
3gy2,5.74,data/pdbbind/refined-set/3gy2/3gy2_ligand.sdf,data/pdbbind/refined-set/3gy2/3gy2_ligand.mol2,data/pdbbind/refined-set/3gy2/3gy2_protein.pdb,163,5.4890885,5.7900047,6.0042105,5.785606,5.700083,5.922069,5.799488,5.574028,5.9625077,5.7996345,5.782672
3d67,4.96,data/pdbbind/general-set/3d67/3d67_ligand.sdf,data/pdbbind/general-set/3d67/3d67_ligand.mol2,data/pdbbind/general-set/3d67/3d67_protein.pdb,164,4.7474127,5.164853,5.1699886,4.9641314,5.178558,4.976661,5.0414596,5.010903,4.965235,4.8832283,5.0102434
5fao,7.96,data/pdbbind/general-set/5fao/5fao_ligand.sdf,data/pdbbind/general-set/5fao/5fao_ligand.mol2,data/pdbbind/general-set/5fao/5fao_protein.pdb,165,8.040789,7.796717,8.086275,8.051935,7.8041368,7.8042707,7.9646945,8.121384,8.023361,7.940158,7.963372
3n9s,5.26,data/pdbbind/refined-set/3n9s/3n9s_ligand.sdf,data/pdbbind/refined-set/3n9s/3n9s_ligand.mol2,data/pdbbind/refined-set/3n9s/3n9s_protein.pdb,166,5.3698497,5.094603,5.427087,5.4353113,5.6471267,5.136928,4.8828845,4.5803986,5.100746,5.5089917,5.2183924
2rox,4.98,data/pdbbind/general-set/2rox/2rox_ligand.sdf,data/pdbbind/general-set/2rox/2rox_ligand.mol2,data/pdbbind/general-set/2rox/2rox_protein.pdb,167,4.797223,5.084061,4.9572015,4.8568845,4.7856107,4.8414564,4.8629613,5.01371,5.1877155,5.0751987,4.9462023
5if6,7.23,data/pdbbind/general-set/5if6/5if6_ligand.sdf,data/pdbbind/general-set/5if6/5if6_ligand.mol2,data/pdbbind/general-set/5if6/5if6_protein.pdb,168,7.1881337,6.956797,7.323578,7.413221,7.3061857,7.1478906,7.026896,7.2266264,7.1817694,7.225819,7.1996927
2p0d,7.0,data/pdbbind/general-set/2p0d/2p0d_ligand.sdf,data/pdbbind/general-set/2p0d/2p0d_ligand.mol2,data/pdbbind/general-set/2p0d/2p0d_protein.pdb,169,6.064118,5.855645,6.143068,5.4701905,5.4115405,6.4108763,5.283284,6.047906,5.8971324,5.8147774,5.839854
1o32,5.74,data/pdbbind/general-set/1o32/1o32_ligand.sdf,data/pdbbind/general-set/1o32/1o32_ligand.mol2,data/pdbbind/general-set/1o32/1o32_protein.pdb,170,5.7690783,5.617371,5.9949865,5.796148,5.648428,5.8102293,5.8808336,5.867869,6.089393,5.7442207,5.821856
4zla,7.3,data/pdbbind/general-set/4zla/4zla_ligand.sdf,data/pdbbind/general-set/4zla/4zla_ligand.mol2,data/pdbbind/general-set/4zla/4zla_protein.pdb,171,7.333038,7.4433784,7.3790665,7.276609,7.211002,6.9918423,7.391396,7.298863,7.2871413,7.355323,7.296766
3unj,4.96,data/pdbbind/general-set/3unj/3unj_ligand.sdf,data/pdbbind/general-set/3unj/3unj_ligand.mol2,data/pdbbind/general-set/3unj/3unj_protein.pdb,172,4.8115892,4.6322446,5.1965513,4.821507,4.8502283,5.2595563,4.8076477,5.115796,4.934348,5.167009,4.9596477
6iot,5.24,data/pdbbind/general-set/6iot/6iot_ligand.sdf,data/pdbbind/general-set/6iot/6iot_ligand.mol2,data/pdbbind/general-set/6iot/6iot_protein.pdb,173,5.228,5.136008,5.2123847,5.166811,5.1180434,5.3346443,5.53399,5.0307174,5.3847723,5.201865,5.2347236
2ceo,10.0,data/pdbbind/general-set/2ceo/2ceo_ligand.sdf,data/pdbbind/general-set/2ceo/2ceo_ligand.mol2,data/pdbbind/general-set/2ceo/2ceo_protein.pdb,174,9.907255,9.58634,9.988887,9.734679,10.060346,9.954515,9.79965,10.118494,10.119754,10.084464,9.935438
3sv7,6.08,data/pdbbind/general-set/3sv7/3sv7_ligand.sdf,data/pdbbind/general-set/3sv7/3sv7_ligand.mol2,data/pdbbind/general-set/3sv7/3sv7_protein.pdb,175,5.9059258,6.485106,6.39617,6.091037,6.0700054,6.2721615,6.0671825,6.1053615,6.5993032,5.775167,6.176742
2zv9,8.05,data/pdbbind/general-set/2zv9/2zv9_ligand.sdf,data/pdbbind/general-set/2zv9/2zv9_ligand.mol2,data/pdbbind/general-set/2zv9/2zv9_protein.pdb,176,8.146614,7.8497705,8.343658,8.167836,8.022448,8.22598,8.184942,7.9859233,8.208817,7.928537,8.106452
3nee,5.34,data/pdbbind/refined-set/3nee/3nee_ligand.sdf,data/pdbbind/refined-set/3nee/3nee_ligand.mol2,data/pdbbind/refined-set/3nee/3nee_protein.pdb,177,5.443535,5.1800575,5.4553113,5.0282173,5.352791,5.162953,5.4289227,5.29353,5.595782,5.592657,5.353376
1hkk,7.4,data/pdbbind/general-set/1hkk/1hkk_ligand.sdf,data/pdbbind/general-set/1hkk/1hkk_ligand.mol2,data/pdbbind/general-set/1hkk/1hkk_protein.pdb,178,7.6305428,7.374435,7.3555737,7.20352,7.585616,7.384302,7.1178403,7.335315,6.9582963,7.026461,7.29719
2h8h,8.57,data/pdbbind/general-set/2h8h/2h8h_ligand.sdf,data/pdbbind/general-set/2h8h/2h8h_ligand.mol2,data/pdbbind/general-set/2h8h/2h8h_protein.pdb,179,8.4518795,8.571638,8.379595,8.568252,8.609973,8.344658,8.487834,8.516153,8.373242,8.501016,8.480425
4zx6,5.27,data/pdbbind/general-set/4zx6/4zx6_ligand.sdf,data/pdbbind/general-set/4zx6/4zx6_ligand.mol2,data/pdbbind/general-set/4zx6/4zx6_protein.pdb,180,5.4024625,5.1011705,5.016812,5.2752485,5.2637725,5.4216022,5.201803,5.3066506,5.499052,5.4581027,5.2946672
1kyv,5.92,data/pdbbind/refined-set/1kyv/1kyv_ligand.sdf,data/pdbbind/refined-set/1kyv/1kyv_ligand.mol2,data/pdbbind/refined-set/1kyv/1kyv_protein.pdb,181,6.0742197,6.165353,6.435088,5.8203077,6.053415,5.9121666,5.6818566,6.0435967,5.7746344,5.997377,5.9958014
4d8e,7.01,data/pdbbind/general-set/4d8e/4d8e_ligand.sdf,data/pdbbind/general-set/4d8e/4d8e_ligand.mol2,data/pdbbind/general-set/4d8e/4d8e_protein.pdb,182,6.675964,7.4112196,7.322225,7.089065,6.9229217,6.9669704,7.0584702,7.31219,7.235187,7.140204,7.1134424
3ml5,8.52,data/pdbbind/refined-set/3ml5/3ml5_ligand.sdf,data/pdbbind/refined-set/3ml5/3ml5_ligand.mol2,data/pdbbind/refined-set/3ml5/3ml5_protein.pdb,183,8.650146,8.254887,8.583922,8.459605,8.673257,8.370159,8.323399,8.418691,8.547756,8.488814,8.477064
4fkk,9.3,data/pdbbind/general-set/4fkk/4fkk_ligand.sdf,data/pdbbind/general-set/4fkk/4fkk_ligand.mol2,data/pdbbind/general-set/4fkk/4fkk_protein.pdb,184,9.151576,9.497086,9.164902,9.258001,9.2109785,8.929819,9.401522,9.412935,9.284722,9.217943,9.252948
1hs6,5.38,data/pdbbind/general-set/1hs6/1hs6_ligand.sdf,data/pdbbind/general-set/1hs6/1hs6_ligand.mol2,data/pdbbind/general-set/1hs6/1hs6_protein.pdb,185,5.16012,5.6944494,5.339314,5.567882,5.488213,5.574632,5.5275397,5.4144797,5.4546146,5.597286,5.481853
1aj6,5.92,data/pdbbind/general-set/1aj6/1aj6_ligand.sdf,data/pdbbind/general-set/1aj6/1aj6_ligand.mol2,data/pdbbind/general-set/1aj6/1aj6_protein.pdb,186,5.4918694,5.965729,5.946915,5.3616185,5.8828945,5.669693,5.751141,6.177983,6.144491,5.857977,5.8250313
6mln,7.54,data/pdbbind/refined-set/6mln/6mln_ligand.sdf,data/pdbbind/refined-set/6mln/6mln_ligand.mol2,data/pdbbind/refined-set/6mln/6mln_protein.pdb,187,7.6451592,7.4964066,7.7503123,7.891473,7.621624,7.6099863,7.668179,7.409129,7.7672606,7.257346,7.6116877
4yhp,8.7,data/pdbbind/general-set/4yhp/4yhp_ligand.sdf,data/pdbbind/general-set/4yhp/4yhp_ligand.mol2,data/pdbbind/general-set/4yhp/4yhp_protein.pdb,188,9.014347,8.988162,8.778134,9.187958,8.949311,8.672496,8.678949,8.872246,8.749669,8.600115,8.849138
1o34,5.74,data/pdbbind/general-set/1o34/1o34_ligand.sdf,data/pdbbind/general-set/1o34/1o34_ligand.mol2,data/pdbbind/general-set/1o34/1o34_protein.pdb,189,5.7959156,5.8324633,6.048001,5.781568,5.704626,5.7761235,5.963796,5.8757997,5.826334,5.872643,5.8477273
1tpw,3.3,data/pdbbind/refined-set/1tpw/1tpw_ligand.sdf,data/pdbbind/refined-set/1tpw/1tpw_ligand.mol2,data/pdbbind/refined-set/1tpw/1tpw_protein.pdb,190,3.6866906,3.4960828,3.7081676,3.0966094,3.3123796,3.126114,3.3983862,3.2374513,3.2392888,3.5220833,3.3823254
6gue,8.4,data/pdbbind/refined-set/6gue/6gue_ligand.sdf,data/pdbbind/refined-set/6gue/6gue_ligand.mol2,data/pdbbind/refined-set/6gue/6gue_protein.pdb,191,8.346803,8.20897,8.780553,8.279149,8.430131,8.181979,7.681829,8.503492,8.447556,8.380644,8.32411
6guh,7.59,data/pdbbind/refined-set/6guh/6guh_ligand.sdf,data/pdbbind/refined-set/6guh/6guh_ligand.mol2,data/pdbbind/refined-set/6guh/6guh_protein.pdb,192,7.483283,7.5713673,7.7948213,7.3544474,7.5392065,7.513348,7.0380855,7.464778,7.4601502,7.6630473,7.4882536
4zv1,5.24,data/pdbbind/refined-set/4zv1/4zv1_ligand.sdf,data/pdbbind/refined-set/4zv1/4zv1_ligand.mol2,data/pdbbind/refined-set/4zv1/4zv1_protein.pdb,193,5.0445123,5.325742,5.198094,5.4093533,5.2270293,5.174688,5.593097,5.4581814,5.317599,5.4688764,5.3217173
6ggv,7.54,data/pdbbind/general-set/6ggv/6ggv_ligand.sdf,data/pdbbind/general-set/6ggv/6ggv_ligand.mol2,data/pdbbind/general-set/6ggv/6ggv_protein.pdb,194,7.1262274,7.475207,7.5443683,7.626349,7.5567827,7.322766,7.320701,7.255838,7.7006135,7.4408383,7.436969
5vd3,5.55,data/pdbbind/refined-set/5vd3/5vd3_ligand.sdf,data/pdbbind/refined-set/5vd3/5vd3_ligand.mol2,data/pdbbind/refined-set/5vd3/5vd3_protein.pdb,195,5.2735386,5.6607804,5.4613824,5.2872453,5.529672,5.664353,5.2468247,5.623747,5.411921,5.707059,5.4866524
1ogg,5.19,data/pdbbind/refined-set/1ogg/1ogg_ligand.sdf,data/pdbbind/refined-set/1ogg/1ogg_ligand.mol2,data/pdbbind/refined-set/1ogg/1ogg_protein.pdb,196,5.348827,5.3318377,5.230601,4.741815,5.3354087,5.126733,5.179402,5.189488,5.0820546,5.011571,5.1577735
3s3q,8.77,data/pdbbind/general-set/3s3q/3s3q_ligand.sdf,data/pdbbind/general-set/3s3q/3s3q_ligand.mol2,data/pdbbind/general-set/3s3q/3s3q_protein.pdb,197,8.528325,8.631632,8.859733,8.864673,8.510224,8.732065,8.806814,9.138341,8.98465,8.492768,8.754923
4fab,8.06,data/pdbbind/general-set/4fab/4fab_ligand.sdf,data/pdbbind/general-set/4fab/4fab_ligand.mol2,data/pdbbind/general-set/4fab/4fab_protein.pdb,198,8.206573,7.873051,7.999732,8.207734,7.952215,8.129461,8.002582,8.187579,8.200776,7.9954576,8.075517
2ceq,7.28,data/pdbbind/refined-set/2ceq/2ceq_ligand.sdf,data/pdbbind/refined-set/2ceq/2ceq_ligand.mol2,data/pdbbind/refined-set/2ceq/2ceq_protein.pdb,199,7.4875674,7.254434,7.42573,7.4337735,7.475681,7.559692,7.0216484,7.604275,7.177954,7.435493,7.387625
4a22,8.49,data/pdbbind/general-set/4a22/4a22_ligand.sdf,data/pdbbind/general-set/4a22/4a22_ligand.mol2,data/pdbbind/general-set/4a22/4a22_protein.pdb,200,8.548105,8.215869,8.370909,8.572935,8.509761,8.255459,8.202202,8.787186,8.548472,8.691304,8.470221
1wok,7.48,data/pdbbind/general-set/1wok/1wok_ligand.sdf,data/pdbbind/general-set/1wok/1wok_ligand.mol2,data/pdbbind/general-set/1wok/1wok_protein.pdb,201,7.5748916,7.4438667,7.4364357,7.140375,7.1764116,7.4681206,7.4071555,7.2163453,7.357758,7.7376423,7.3959
1x8t,7.8,data/pdbbind/refined-set/1x8t/1x8t_ligand.sdf,data/pdbbind/refined-set/1x8t/1x8t_ligand.mol2,data/pdbbind/refined-set/1x8t/1x8t_protein.pdb,202,7.655602,7.57206,8.115048,7.595467,7.965974,7.6451406,7.6424255,7.656435,7.7704453,7.9717717,7.759037
6mkq,6.16,data/pdbbind/general-set/6mkq/6mkq_ligand.sdf,data/pdbbind/general-set/6mkq/6mkq_ligand.mol2,data/pdbbind/general-set/6mkq/6mkq_protein.pdb,203,6.1122546,6.285394,6.3584614,6.131595,5.933226,6.052341,6.0923095,6.504644,6.254433,5.847836,6.157249
5vdp,4.05,data/pdbbind/general-set/5vdp/5vdp_ligand.sdf,data/pdbbind/general-set/5vdp/5vdp_ligand.mol2,data/pdbbind/general-set/5vdp/5vdp_protein.pdb,204,3.811333,4.2863817,4.2009397,4.0027394,3.7671773,4.224224,3.9580696,3.7260041,4.120602,4.061813,4.0159283
1h8l,7.47,data/pdbbind/general-set/1h8l/1h8l_ligand.sdf,data/pdbbind/general-set/1h8l/1h8l_ligand.mol2,data/pdbbind/general-set/1h8l/1h8l_protein.pdb,205,7.427267,7.284173,7.4246135,7.7561145,7.677362,7.367267,7.406963,7.741734,7.749131,7.5295672,7.536419
3c9e,8.0,data/pdbbind/general-set/3c9e/3c9e_ligand.sdf,data/pdbbind/general-set/3c9e/3c9e_ligand.mol2,data/pdbbind/general-set/3c9e/3c9e_protein.pdb,206,7.8138056,8.243071,8.118426,8.127482,8.236849,7.8823066,8.0574045,8.34999,8.225492,8.243398,8.129823
3bxg,4.96,data/pdbbind/refined-set/3bxg/3bxg_ligand.sdf,data/pdbbind/refined-set/3bxg/3bxg_ligand.mol2,data/pdbbind/refined-set/3bxg/3bxg_protein.pdb,207,4.5910482,4.8039155,4.7771716,4.909353,4.9074044,5.273552,5.148871,4.8013625,5.1065803,4.864051,4.9183307
3n1c,5.22,data/pdbbind/refined-set/3n1c/3n1c_ligand.sdf,data/pdbbind/refined-set/3n1c/3n1c_ligand.mol2,data/pdbbind/refined-set/3n1c/3n1c_protein.pdb,208,5.3384857,5.555136,5.1699424,4.966176,5.490245,4.9331646,5.420476,5.5170407,5.432751,5.2089844,5.3032403
2ccb,7.45,data/pdbbind/refined-set/2ccb/2ccb_ligand.sdf,data/pdbbind/refined-set/2ccb/2ccb_ligand.mol2,data/pdbbind/refined-set/2ccb/2ccb_protein.pdb,209,7.51506,7.66928,7.772839,7.343802,7.4588985,7.813793,7.30262,7.5038967,7.2292423,7.6112504,7.522068
3ebh,6.32,data/pdbbind/refined-set/3ebh/3ebh_ligand.sdf,data/pdbbind/refined-set/3ebh/3ebh_ligand.mol2,data/pdbbind/refined-set/3ebh/3ebh_protein.pdb,210,5.9940886,6.563009,6.5235405,6.3438306,6.5379114,6.2400403,6.5110273,6.418249,6.556096,6.343547,6.4031343
1pop,9.0,data/pdbbind/general-set/1pop/1pop_ligand.sdf,data/pdbbind/general-set/1pop/1pop_ligand.mol2,data/pdbbind/general-set/1pop/1pop_protein.pdb,211,8.966435,8.984293,9.231168,9.110898,8.867528,9.691714,8.777562,9.433914,9.06733,9.382586,9.151342
3su4,6.26,data/pdbbind/refined-set/3su4/3su4_ligand.sdf,data/pdbbind/refined-set/3su4/3su4_ligand.mol2,data/pdbbind/refined-set/3su4/3su4_protein.pdb,212,6.205924,6.209994,6.076722,6.2654862,6.3942385,6.197731,6.152245,6.2056155,6.0746264,6.415931,6.2198515
4zyq,8.01,data/pdbbind/general-set/4zyq/4zyq_ligand.sdf,data/pdbbind/general-set/4zyq/4zyq_ligand.mol2,data/pdbbind/general-set/4zyq/4zyq_protein.pdb,213,6.927927,6.8343263,5.8642826,6.5946803,6.9228797,6.7993712,6.406076,6.699944,6.0730352,6.7602863,6.5882807
3ttm,8.52,data/pdbbind/refined-set/3ttm/3ttm_ligand.sdf,data/pdbbind/refined-set/3ttm/3ttm_ligand.mol2,data/pdbbind/refined-set/3ttm/3ttm_protein.pdb,214,8.762033,9.317229,9.226117,8.825979,9.223253,8.508659,9.153098,9.230217,8.739761,9.148764,9.013511
1i37,9.57,data/pdbbind/refined-set/1i37/1i37_ligand.sdf,data/pdbbind/refined-set/1i37/1i37_ligand.mol2,data/pdbbind/refined-set/1i37/1i37_protein.pdb,215,9.668311,9.175543,9.669606,9.533795,9.6492405,9.608768,9.357438,9.459954,9.841289,9.395843,9.535978
1tpz,6.19,data/pdbbind/general-set/1tpz/1tpz_ligand.sdf,data/pdbbind/general-set/1tpz/1tpz_ligand.mol2,data/pdbbind/general-set/1tpz/1tpz_protein.pdb,216,6.040594,6.192815,6.1618743,6.1151958,6.0838833,6.1871395,6.234081,5.953864,6.4481087,6.0769067,6.1494465
5z99,6.88,data/pdbbind/refined-set/5z99/5z99_ligand.sdf,data/pdbbind/refined-set/5z99/5z99_ligand.mol2,data/pdbbind/refined-set/5z99/5z99_protein.pdb,217,6.8298264,6.674434,6.864139,6.5672555,7.2383633,6.783708,6.834769,6.516887,7.0051017,6.976728,6.8291216
1t46,6.43,data/pdbbind/general-set/1t46/1t46_ligand.sdf,data/pdbbind/general-set/1t46/1t46_ligand.mol2,data/pdbbind/general-set/1t46/1t46_protein.pdb,218,6.2833667,6.651165,6.6331334,6.1955023,6.3084025,6.7302885,6.562114,6.584863,6.7784433,6.6771703,6.540445
4mnp,7.34,data/pdbbind/refined-set/4mnp/4mnp_ligand.sdf,data/pdbbind/refined-set/4mnp/4mnp_ligand.mol2,data/pdbbind/refined-set/4mnp/4mnp_protein.pdb,219,7.1968765,7.2281036,7.4010715,7.350897,7.3061996,7.422748,7.2156014,7.5667887,7.241578,7.22645,7.315631
6d9s,5.96,data/pdbbind/refined-set/6d9s/6d9s_ligand.sdf,data/pdbbind/refined-set/6d9s/6d9s_ligand.mol2,data/pdbbind/refined-set/6d9s/6d9s_protein.pdb,220,6.00819,5.860875,6.284323,6.2620544,5.870745,6.05043,6.113649,6.1739855,5.926811,5.886425,6.0437484
6esm,5.53,data/pdbbind/general-set/6esm/6esm_ligand.sdf,data/pdbbind/general-set/6esm/6esm_ligand.mol2,data/pdbbind/general-set/6esm/6esm_protein.pdb,221,5.52633,5.695534,5.6147776,5.8883185,5.464298,5.6776466,5.719859,5.371132,5.83906,5.3697314,5.616669
6ftp,5.82,data/pdbbind/refined-set/6ftp/6ftp_ligand.sdf,data/pdbbind/refined-set/6ftp/6ftp_ligand.mol2,data/pdbbind/refined-set/6ftp/6ftp_protein.pdb,222,5.811675,5.682786,5.9238033,5.6756144,5.4587584,5.839827,5.51149,5.581058,5.4888883,5.9462852,5.692019
5lj1,4.5,data/pdbbind/general-set/5lj1/5lj1_ligand.sdf,data/pdbbind/general-set/5lj1/5lj1_ligand.mol2,data/pdbbind/general-set/5lj1/5lj1_protein.pdb,223,4.4926467,4.5981164,4.958931,4.316837,4.5443,4.397442,4.444499,4.579818,4.4748144,4.7167096,4.5524116
2pl0,7.21,data/pdbbind/general-set/2pl0/2pl0_ligand.sdf,data/pdbbind/general-set/2pl0/2pl0_ligand.mol2,data/pdbbind/general-set/2pl0/2pl0_protein.pdb,224,7.117725,7.20192,7.1935635,7.213212,7.106738,7.967237,7.1698947,7.3128266,7.3452234,7.4567227,7.308507
3hs4,8.0,data/pdbbind/refined-set/3hs4/3hs4_ligand.sdf,data/pdbbind/refined-set/3hs4/3hs4_ligand.mol2,data/pdbbind/refined-set/3hs4/3hs4_protein.pdb,225,8.186202,7.8843107,8.116297,8.018741,7.8050733,7.948086,7.8978863,7.770151,8.028249,7.912198,7.95672
2iw9,8.05,data/pdbbind/general-set/2iw9/2iw9_ligand.sdf,data/pdbbind/general-set/2iw9/2iw9_ligand.mol2,data/pdbbind/general-set/2iw9/2iw9_protein.pdb,226,7.5034194,7.126775,7.460498,7.6386023,7.1505456,7.6374426,6.9719563,7.295926,7.2986746,7.7325845,7.3816423
3dkg,5.0,data/pdbbind/general-set/3dkg/3dkg_ligand.sdf,data/pdbbind/general-set/3dkg/3dkg_ligand.mol2,data/pdbbind/general-set/3dkg/3dkg_protein.pdb,227,5.0373287,4.866059,5.3367343,4.6866264,4.7325816,5.224595,5.07617,4.938607,5.4664617,5.066627,5.0431795
4o5b,8.3,data/pdbbind/general-set/4o5b/4o5b_ligand.sdf,data/pdbbind/general-set/4o5b/4o5b_ligand.mol2,data/pdbbind/general-set/4o5b/4o5b_protein.pdb,228,7.9321113,8.301245,8.364726,8.261943,8.123332,8.264297,8.091608,8.550445,8.620854,8.465502,8.297606
5h9p,7.17,data/pdbbind/general-set/5h9p/5h9p_ligand.sdf,data/pdbbind/general-set/5h9p/5h9p_ligand.mol2,data/pdbbind/general-set/5h9p/5h9p_protein.pdb,229,7.099346,7.311202,6.996268,7.4560943,6.866476,7.274195,7.1451764,7.1104207,7.5341353,6.996238,7.178955
6h76,7.52,data/pdbbind/general-set/6h76/6h76_ligand.sdf,data/pdbbind/general-set/6h76/6h76_ligand.mol2,data/pdbbind/general-set/6h76/6h76_protein.pdb,230,5.591389,5.861542,4.9823165,5.5040874,5.911103,4.493094,5.969466,6.0480146,5.89751,5.8245792,5.6083107
1w2x,5.14,data/pdbbind/general-set/1w2x/1w2x_ligand.sdf,data/pdbbind/general-set/1w2x/1w2x_ligand.mol2,data/pdbbind/general-set/1w2x/1w2x_protein.pdb,231,4.8794813,5.3398094,5.11299,5.115257,4.7145114,5.0133677,5.0724063,4.9591813,5.29261,5.1731462,5.0672765
6g9f,6.23,data/pdbbind/general-set/6g9f/6g9f_ligand.sdf,data/pdbbind/general-set/6g9f/6g9f_ligand.mol2,data/pdbbind/general-set/6g9f/6g9f_protein.pdb,232,6.20748,6.017691,6.2875013,6.2104487,5.803195,6.17754,6.324055,6.3767333,6.114424,6.107189,6.162626
4mm5,7.74,data/pdbbind/general-set/4mm5/4mm5_ligand.sdf,data/pdbbind/general-set/4mm5/4mm5_ligand.mol2,data/pdbbind/general-set/4mm5/4mm5_protein.pdb,233,8.003977,7.90413,7.7537284,7.7518663,7.8964777,7.694418,7.8686533,7.552642,7.7013865,7.6448436,7.7772117
4kxb,4.12,data/pdbbind/refined-set/4kxb/4kxb_ligand.sdf,data/pdbbind/refined-set/4kxb/4kxb_ligand.mol2,data/pdbbind/refined-set/4kxb/4kxb_protein.pdb,234,3.9309175,4.480041,3.9547095,4.0855336,4.0148697,4.124661,4.1462264,4.0972686,4.2281857,3.9849887,4.1047397
6mle,9.0,data/pdbbind/refined-set/6mle/6mle_ligand.sdf,data/pdbbind/refined-set/6mle/6mle_ligand.mol2,data/pdbbind/refined-set/6mle/6mle_protein.pdb,235,8.879897,8.617353,9.091003,9.165601,9.006137,8.710796,9.031589,8.689201,9.337344,8.609786,8.91387
1hk4,5.31,data/pdbbind/refined-set/1hk4/1hk4_ligand.sdf,data/pdbbind/refined-set/1hk4/1hk4_ligand.mol2,data/pdbbind/refined-set/1hk4/1hk4_protein.pdb,236,5.2458954,5.396328,5.3100953,5.128832,4.9738183,5.0067797,5.3368096,5.296236,5.3940554,5.4466796,5.2535524
4zzd,6.6,data/pdbbind/refined-set/4zzd/4zzd_ligand.sdf,data/pdbbind/refined-set/4zzd/4zzd_ligand.mol2,data/pdbbind/refined-set/4zzd/4zzd_protein.pdb,237,6.875449,6.5225067,6.92608,6.398623,6.4180784,6.457782,6.4905343,6.352556,6.3941073,6.464115,6.5299835
6mla,4.38,data/pdbbind/refined-set/6mla/6mla_ligand.sdf,data/pdbbind/refined-set/6mla/6mla_ligand.mol2,data/pdbbind/refined-set/6mla/6mla_protein.pdb,238,4.7405806,4.6465526,4.655967,4.6366563,4.316388,4.1253633,4.4092116,4.251538,4.503265,4.512275,4.4797797
4del,7.68,data/pdbbind/refined-set/4del/4del_ligand.sdf,data/pdbbind/refined-set/4del/4del_ligand.mol2,data/pdbbind/refined-set/4del/4del_protein.pdb,239,7.8583713,7.602177,7.742607,7.990576,7.573658,7.611771,7.664167,7.775386,7.74286,7.824133,7.73857
5ne3,7.84,data/pdbbind/general-set/5ne3/5ne3_ligand.sdf,data/pdbbind/general-set/5ne3/5ne3_ligand.mol2,data/pdbbind/general-set/5ne3/5ne3_protein.pdb,240,7.654624,7.7348332,7.8171153,7.8337717,7.7732806,7.420063,7.6665573,7.9492273,7.748407,7.7635565,7.7361436
2q2a,7.41,data/pdbbind/refined-set/2q2a/2q2a_ligand.sdf,data/pdbbind/refined-set/2q2a/2q2a_ligand.mol2,data/pdbbind/refined-set/2q2a/2q2a_protein.pdb,241,7.33541,7.301494,7.5498652,7.616733,7.420884,7.272711,7.5507326,7.2701693,7.521021,7.3809257,7.4219947
6g3a,8.38,data/pdbbind/refined-set/6g3a/6g3a_ligand.sdf,data/pdbbind/refined-set/6g3a/6g3a_ligand.mol2,data/pdbbind/refined-set/6g3a/6g3a_protein.pdb,242,8.103552,8.091764,7.827079,8.168383,8.416309,8.168213,7.961761,8.224582,7.561017,7.7610297,8.02837
5mra,8.0,data/pdbbind/general-set/5mra/5mra_ligand.sdf,data/pdbbind/general-set/5mra/5mra_ligand.mol2,data/pdbbind/general-set/5mra/5mra_protein.pdb,243,8.041872,7.9794188,8.090901,7.7494917,8.007349,7.985453,8.102513,7.9503827,7.915242,7.925217,7.974784
1ll4,7.22,data/pdbbind/general-set/1ll4/1ll4_ligand.sdf,data/pdbbind/general-set/1ll4/1ll4_ligand.mol2,data/pdbbind/general-set/1ll4/1ll4_protein.pdb,244,7.1618557,7.0163345,6.9400206,7.1165886,7.004868,7.166941,6.5313053,7.401213,7.3239183,6.8302126,7.0493255
2h4n,8.7,data/pdbbind/refined-set/2h4n/2h4n_ligand.sdf,data/pdbbind/refined-set/2h4n/2h4n_ligand.mol2,data/pdbbind/refined-set/2h4n/2h4n_protein.pdb,245,8.710688,8.502172,8.654096,8.784915,8.641165,8.63365,8.65978,8.6348715,8.7557745,8.570225,8.654734
3imy,9.7,data/pdbbind/general-set/3imy/3imy_ligand.sdf,data/pdbbind/general-set/3imy/3imy_ligand.mol2,data/pdbbind/general-set/3imy/3imy_protein.pdb,246,9.970351,9.530152,9.720484,9.969534,9.814835,9.271234,9.805737,9.836166,9.895877,9.89546,9.770983
3zzh,3.36,data/pdbbind/general-set/3zzh/3zzh_ligand.sdf,data/pdbbind/general-set/3zzh/3zzh_ligand.mol2,data/pdbbind/general-set/3zzh/3zzh_protein.pdb,247,3.1965146,3.6126509,3.4521708,3.5605187,3.4018018,3.5008032,3.679635,3.493801,3.5081215,3.533087,3.4939106
6cv8,3.17,data/pdbbind/general-set/6cv8/6cv8_ligand.sdf,data/pdbbind/general-set/6cv8/6cv8_ligand.mol2,data/pdbbind/general-set/6cv8/6cv8_protein.pdb,248,3.639899,3.6700861,3.5357258,3.3475864,3.4567242,3.5860264,3.281639,3.4083858,3.006092,3.2022698,3.4134433
4r76,7.85,data/pdbbind/refined-set/4r76/4r76_ligand.sdf,data/pdbbind/refined-set/4r76/4r76_ligand.mol2,data/pdbbind/refined-set/4r76/4r76_protein.pdb,249,7.8530293,8.0892315,7.8774137,8.001858,7.7020497,7.6145763,7.8812084,8.167172,7.6001496,8.002525,7.8789215
3czv,7.8,data/pdbbind/refined-set/3czv/3czv_ligand.sdf,data/pdbbind/refined-set/3czv/3czv_ligand.mol2,data/pdbbind/refined-set/3czv/3czv_protein.pdb,250,8.087258,7.641711,7.9939413,7.713368,8.029913,7.8317046,7.8067203,7.678863,7.667306,7.733277,7.8184066
3rcd,7.77,data/pdbbind/general-set/3rcd/3rcd_ligand.sdf,data/pdbbind/general-set/3rcd/3rcd_ligand.mol2,data/pdbbind/general-set/3rcd/3rcd_protein.pdb,251,7.788781,7.9240603,7.846792,8.027828,7.8352757,7.478894,7.72874,7.8290215,7.899256,7.857917,7.8216567
1e1y,5.6,data/pdbbind/general-set/1e1y/1e1y_ligand.sdf,data/pdbbind/general-set/1e1y/1e1y_ligand.mol2,data/pdbbind/general-set/1e1y/1e1y_protein.pdb,252,5.456452,5.527738,5.7927737,5.4693484,5.428595,5.5650463,5.667092,5.566199,5.7856417,5.683573,5.594246
3nes,5.62,data/pdbbind/refined-set/3nes/3nes_ligand.sdf,data/pdbbind/refined-set/3nes/3nes_ligand.mol2,data/pdbbind/refined-set/3nes/3nes_protein.pdb,253,5.456487,5.6427345,5.8271117,5.1931725,5.696603,5.3561196,5.745016,5.5241117,5.377359,5.7377377,5.555645
2isw,7.43,data/pdbbind/refined-set/2isw/2isw_ligand.sdf,data/pdbbind/refined-set/2isw/2isw_ligand.mol2,data/pdbbind/refined-set/2isw/2isw_protein.pdb,254,7.409929,7.4764824,7.5080047,7.5772605,7.6038723,7.2487645,7.4693804,7.310938,7.3510447,7.4206166,7.4376287
2qmj,4.21,data/pdbbind/general-set/2qmj/2qmj_ligand.sdf,data/pdbbind/general-set/2qmj/2qmj_ligand.mol2,data/pdbbind/general-set/2qmj/2qmj_protein.pdb,255,4.3059077,4.079111,4.3052254,3.7193968,4.0238338,4.260036,4.1163626,4.2080364,4.3150926,4.1712704,4.150428
1hk3,6.59,data/pdbbind/general-set/1hk3/1hk3_ligand.sdf,data/pdbbind/general-set/1hk3/1hk3_ligand.mol2,data/pdbbind/general-set/1hk3/1hk3_protein.pdb,256,6.7332087,6.512219,6.7519746,6.179973,6.3696733,6.307485,6.7142034,6.747477,6.628964,6.61696,6.5562143
3sv8,7.91,data/pdbbind/general-set/3sv8/3sv8_ligand.sdf,data/pdbbind/general-set/3sv8/3sv8_ligand.mol2,data/pdbbind/general-set/3sv8/3sv8_protein.pdb,257,7.857585,8.206012,8.09739,7.75378,7.8622003,7.822098,7.612768,7.640653,8.098856,7.939886,7.8891234
4usj,4.0,data/pdbbind/general-set/4usj/4usj_ligand.sdf,data/pdbbind/general-set/4usj/4usj_ligand.mol2,data/pdbbind/general-set/4usj/4usj_protein.pdb,258,4.0028167,4.1288123,3.9143713,4.026163,4.24207,3.9889727,4.0447392,4.059074,4.197027,4.097817,4.0701857
2g83,5.92,data/pdbbind/general-set/2g83/2g83_ligand.sdf,data/pdbbind/general-set/2g83/2g83_ligand.mol2,data/pdbbind/general-set/2g83/2g83_protein.pdb,259,6.008429,5.638118,6.0935187,5.97803,5.4989653,5.8483486,5.925144,5.680491,6.1867857,6.169007,5.902684
2vx9,7.44,data/pdbbind/general-set/2vx9/2vx9_ligand.sdf,data/pdbbind/general-set/2vx9/2vx9_ligand.mol2,data/pdbbind/general-set/2vx9/2vx9_protein.pdb,260,7.3671393,7.584812,7.684363,7.41788,7.6833854,7.7167144,7.3555455,7.4011464,7.1210384,7.5241895,7.4856215
3kdm,7.0,data/pdbbind/refined-set/3kdm/3kdm_ligand.sdf,data/pdbbind/refined-set/3kdm/3kdm_ligand.mol2,data/pdbbind/refined-set/3kdm/3kdm_protein.pdb,261,6.9658074,7.3198214,6.9797096,7.019134,6.849187,6.979021,6.800681,7.0863786,7.1028004,7.1235356,7.0226073
3ff6,7.15,data/pdbbind/general-set/3ff6/3ff6_ligand.sdf,data/pdbbind/general-set/3ff6/3ff6_ligand.mol2,data/pdbbind/general-set/3ff6/3ff6_protein.pdb,262,6.707074,7.3609457,7.1978617,7.2265916,7.1567006,7.112389,7.0686417,7.2180634,7.166326,7.2219806,7.1436567
2fl5,8.74,data/pdbbind/general-set/2fl5/2fl5_ligand.sdf,data/pdbbind/general-set/2fl5/2fl5_ligand.mol2,data/pdbbind/general-set/2fl5/2fl5_protein.pdb,263,8.808984,8.624917,8.970926,8.451634,8.534369,8.720056,8.204704,8.744745,8.420565,8.726079,8.620698
6det,8.22,data/pdbbind/refined-set/6det/6det_ligand.sdf,data/pdbbind/refined-set/6det/6det_ligand.mol2,data/pdbbind/refined-set/6det/6det_protein.pdb,264,8.16786,8.275822,8.184776,8.465137,8.259637,8.082538,8.484969,7.969392,8.516808,8.289682,8.269662
6ajz,4.34,data/pdbbind/refined-set/6ajz/6ajz_ligand.sdf,data/pdbbind/refined-set/6ajz/6ajz_ligand.mol2,data/pdbbind/refined-set/6ajz/6ajz_protein.pdb,265,4.2607737,4.3599424,4.348434,4.074741,4.008818,4.342811,4.438107,4.357014,4.60885,4.416066,4.3215556
6mlj,7.26,data/pdbbind/refined-set/6mlj/6mlj_ligand.sdf,data/pdbbind/refined-set/6mlj/6mlj_ligand.mol2,data/pdbbind/refined-set/6mlj/6mlj_protein.pdb,266,7.1823606,7.28601,7.6381817,7.695145,7.1452217,6.89788,7.435223,6.8666444,7.5561666,7.2814207,7.298425
4tju,5.44,data/pdbbind/general-set/4tju/4tju_ligand.sdf,data/pdbbind/general-set/4tju/4tju_ligand.mol2,data/pdbbind/general-set/4tju/4tju_protein.pdb,267,5.5547824,5.4915953,5.567618,5.118567,5.1690016,5.3206334,5.346652,4.891517,5.554389,5.3603964,5.3375154
6jof,4.98,data/pdbbind/refined-set/6jof/6jof_ligand.sdf,data/pdbbind/refined-set/6jof/6jof_ligand.mol2,data/pdbbind/refined-set/6jof/6jof_protein.pdb,268,4.7407446,4.9744687,5.2437344,5.0426745,5.0641766,4.968827,4.9932117,5.0429707,5.0641103,5.0845475,5.021947
3uo6,7.82,data/pdbbind/general-set/3uo6/3uo6_ligand.sdf,data/pdbbind/general-set/3uo6/3uo6_ligand.mol2,data/pdbbind/general-set/3uo6/3uo6_protein.pdb,269,7.8860393,7.9475,7.9909673,7.8694253,7.9233866,7.9173913,7.7863793,7.9030743,7.650267,7.842519,7.8716955
1hk5,5.24,data/pdbbind/general-set/1hk5/1hk5_ligand.sdf,data/pdbbind/general-set/1hk5/1hk5_ligand.mol2,data/pdbbind/general-set/1hk5/1hk5_protein.pdb,270,5.267433,5.3487015,5.2535887,5.044839,5.0363283,5.167736,5.2154202,5.1446147,5.16982,5.420294,5.206877
4o78,5.34,data/pdbbind/general-set/4o78/4o78_ligand.sdf,data/pdbbind/general-set/4o78/4o78_ligand.mol2,data/pdbbind/general-set/4o78/4o78_protein.pdb,271,5.5081477,5.198652,5.560502,5.6567864,5.4722075,5.3723187,5.257277,5.4237437,5.104085,5.629223,5.4182944
6hgf,5.02,data/pdbbind/refined-set/6hgf/6hgf_ligand.sdf,data/pdbbind/refined-set/6hgf/6hgf_ligand.mol2,data/pdbbind/refined-set/6hgf/6hgf_protein.pdb,272,4.840538,5.1360083,4.8982387,4.7230425,4.843057,5.2100577,4.6883516,4.746859,5.1811786,5.017033,4.9284368
3t8s,8.55,data/pdbbind/general-set/3t8s/3t8s_ligand.sdf,data/pdbbind/general-set/3t8s/3t8s_ligand.mol2,data/pdbbind/general-set/3t8s/3t8s_protein.pdb,273,8.795212,8.434807,8.550021,9.043393,8.335191,8.48264,8.579813,8.659468,8.743216,8.360706,8.598447
1o5e,5.74,data/pdbbind/refined-set/1o5e/1o5e_ligand.sdf,data/pdbbind/refined-set/1o5e/1o5e_ligand.mol2,data/pdbbind/refined-set/1o5e/1o5e_protein.pdb,274,5.6504774,5.598723,5.841049,5.6780376,5.2228775,5.9919806,5.5235124,5.822001,5.658834,5.6603074,5.6647806
1los,7.19,data/pdbbind/general-set/1los/1los_ligand.sdf,data/pdbbind/general-set/1los/1los_ligand.mol2,data/pdbbind/general-set/1los/1los_protein.pdb,275,7.3714814,6.8514466,7.248498,7.8601074,6.929861,7.025641,7.0248637,7.4896407,7.542891,7.3342924,7.267872
4loj,6.52,data/pdbbind/general-set/4loj/4loj_ligand.sdf,data/pdbbind/general-set/4loj/4loj_ligand.mol2,data/pdbbind/general-set/4loj/4loj_protein.pdb,276,6.4397254,6.6897535,6.0615244,6.635946,6.7477517,6.6292386,6.0333023,6.5941973,6.267164,5.9466777,6.404528
5hgc,8.66,data/pdbbind/general-set/5hgc/5hgc_ligand.sdf,data/pdbbind/general-set/5hgc/5hgc_ligand.mol2,data/pdbbind/general-set/5hgc/5hgc_protein.pdb,277,8.833729,8.555927,8.664908,8.313596,8.592489,8.573467,8.504588,8.492303,8.915823,8.537522,8.598435
5ier,4.89,data/pdbbind/general-set/5ier/5ier_ligand.sdf,data/pdbbind/general-set/5ier/5ier_ligand.mol2,data/pdbbind/general-set/5ier/5ier_protein.pdb,278,4.989211,5.015217,5.1311207,4.8295774,4.7005177,4.8394704,4.530085,4.8202333,5.122496,4.950208,4.8928137
6hgg,5.42,data/pdbbind/refined-set/6hgg/6hgg_ligand.sdf,data/pdbbind/refined-set/6hgg/6hgg_ligand.mol2,data/pdbbind/refined-set/6hgg/6hgg_protein.pdb,279,5.160389,5.4486146,5.106359,4.7953243,5.3300924,5.7535405,5.183498,5.2141066,5.3612676,5.575121,5.2928314
1gj4,4.07,data/pdbbind/general-set/1gj4/1gj4_ligand.sdf,data/pdbbind/general-set/1gj4/1gj4_ligand.mol2,data/pdbbind/general-set/1gj4/1gj4_protein.pdb,280,3.942861,3.9887123,4.0512786,3.9825752,3.9320724,4.221431,3.96751,4.2505817,4.2404547,4.0689864,4.0646462
1drj,7.4,data/pdbbind/refined-set/1drj/1drj_ligand.sdf,data/pdbbind/refined-set/1drj/1drj_ligand.mol2,data/pdbbind/refined-set/1drj/1drj_protein.pdb,281,7.42857,8.076502,7.0551815,7.259847,7.5816426,7.388343,7.4675274,7.316736,7.265181,7.324773,7.4164305
1txr,7.74,data/pdbbind/refined-set/1txr/1txr_ligand.sdf,data/pdbbind/refined-set/1txr/1txr_ligand.mol2,data/pdbbind/refined-set/1txr/1txr_protein.pdb,282,7.532256,7.719058,7.7000136,7.6422563,7.7890167,7.4542475,7.7554345,7.4323363,7.748336,7.4586873,7.6231637
2oiq,5.0,data/pdbbind/refined-set/2oiq/2oiq_ligand.sdf,data/pdbbind/refined-set/2oiq/2oiq_ligand.mol2,data/pdbbind/refined-set/2oiq/2oiq_protein.pdb,283,4.770476,5.058145,5.4493756,4.8192296,4.9115705,5.171706,5.0711865,5.245067,5.29939,5.2396994,5.103585
1ydd,7.07,data/pdbbind/refined-set/1ydd/1ydd_ligand.sdf,data/pdbbind/refined-set/1ydd/1ydd_ligand.mol2,data/pdbbind/refined-set/1ydd/1ydd_protein.pdb,284,7.0951757,6.9206038,7.1944575,7.3012958,7.032321,7.005823,6.733802,6.9696913,7.2284026,7.1618314,7.06434
2vxn,5.0,data/pdbbind/refined-set/2vxn/2vxn_ligand.sdf,data/pdbbind/refined-set/2vxn/2vxn_ligand.mol2,data/pdbbind/refined-set/2vxn/2vxn_protein.pdb,285,5.105344,4.8884897,4.9730897,5.0281386,5.1511817,5.0196037,5.339528,4.903079,5.0339565,4.994923,5.0437336
3cjf,8.2,data/pdbbind/general-set/3cjf/3cjf_ligand.sdf,data/pdbbind/general-set/3cjf/3cjf_ligand.mol2,data/pdbbind/general-set/3cjf/3cjf_protein.pdb,286,8.239992,8.263868,8.286846,8.351551,8.207027,8.2739725,8.210083,8.218515,8.351,8.329644,8.27325
3bcn,7.12,data/pdbbind/general-set/3bcn/3bcn_ligand.sdf,data/pdbbind/general-set/3bcn/3bcn_ligand.mol2,data/pdbbind/general-set/3bcn/3bcn_protein.pdb,287,6.83351,7.1928773,7.213465,7.252567,7.1867785,7.1386194,7.196693,7.2291813,7.3508224,7.236793,7.1831307
4lzr,4.7,data/pdbbind/refined-set/4lzr/4lzr_ligand.sdf,data/pdbbind/refined-set/4lzr/4lzr_ligand.mol2,data/pdbbind/refined-set/4lzr/4lzr_protein.pdb,288,4.672656,4.657996,4.7672234,4.402882,4.3380947,4.56228,4.782726,4.595497,4.895035,4.637521,4.631191
2rc9,7.4,data/pdbbind/general-set/2rc9/2rc9_ligand.sdf,data/pdbbind/general-set/2rc9/2rc9_ligand.mol2,data/pdbbind/general-set/2rc9/2rc9_protein.pdb,289,7.236425,7.116885,7.21765,7.600496,7.330864,7.937797,7.554904,7.3083167,7.1801286,7.4577737,7.394124
3hig,7.89,data/pdbbind/refined-set/3hig/3hig_ligand.sdf,data/pdbbind/refined-set/3hig/3hig_ligand.mol2,data/pdbbind/refined-set/3hig/3hig_protein.pdb,290,7.7527337,7.868621,8.007848,7.838456,8.128718,8.087812,8.051436,7.820669,7.8753686,8.104678,7.953634
4loh,6.96,data/pdbbind/refined-set/4loh/4loh_ligand.sdf,data/pdbbind/refined-set/4loh/4loh_ligand.mol2,data/pdbbind/refined-set/4loh/4loh_protein.pdb,291,6.951156,6.9543796,6.794855,6.874767,7.0234833,7.1991887,6.780039,7.025818,7.142066,7.1159563,6.986171
4r73,7.64,data/pdbbind/refined-set/4r73/4r73_ligand.sdf,data/pdbbind/refined-set/4r73/4r73_ligand.mol2,data/pdbbind/refined-set/4r73/4r73_protein.pdb,292,7.154914,7.331076,7.5307283,7.8887315,7.885773,7.630508,7.86528,7.3103194,7.793025,7.5197425,7.59101
3su3,9.13,data/pdbbind/refined-set/3su3/3su3_ligand.sdf,data/pdbbind/refined-set/3su3/3su3_ligand.mol2,data/pdbbind/refined-set/3su3/3su3_protein.pdb,293,8.937332,8.766285,9.022106,9.230598,8.870516,8.893543,8.71044,9.499289,8.586357,9.377268,8.989373
1azm,6.1,data/pdbbind/refined-set/1azm/1azm_ligand.sdf,data/pdbbind/refined-set/1azm/1azm_ligand.mol2,data/pdbbind/refined-set/1azm/1azm_protein.pdb,294,6.5308733,5.8739853,6.113663,6.5616837,6.272837,6.313743,6.0554547,5.833082,6.2070403,6.135766,6.1898127
4gki,4.46,data/pdbbind/refined-set/4gki/4gki_ligand.sdf,data/pdbbind/refined-set/4gki/4gki_ligand.mol2,data/pdbbind/refined-set/4gki/4gki_protein.pdb,295,4.419898,4.493972,4.868995,4.7332306,4.397373,4.383216,4.237663,4.7480664,4.5276394,4.5244994,4.533455
3e85,5.38,data/pdbbind/general-set/3e85/3e85_ligand.sdf,data/pdbbind/general-set/3e85/3e85_ligand.mol2,data/pdbbind/general-set/3e85/3e85_protein.pdb,296,5.3973904,5.06713,5.884077,5.9290476,5.1523423,5.235403,5.192299,5.3766284,5.405521,5.6369457,5.4276786
1e9h,7.46,data/pdbbind/general-set/1e9h/1e9h_ligand.sdf,data/pdbbind/general-set/1e9h/1e9h_ligand.mol2,data/pdbbind/general-set/1e9h/1e9h_protein.pdb,297,7.341777,7.4524426,7.7089806,7.235106,6.9384,7.3321223,7.434007,7.1346564,7.488518,7.375312,7.3441324
6joe,7.04,data/pdbbind/general-set/6joe/6joe_ligand.sdf,data/pdbbind/general-set/6joe/6joe_ligand.mol2,data/pdbbind/general-set/6joe/6joe_protein.pdb,298,7.1222076,7.163714,6.9986477,7.004469,6.99193,7.1130204,7.0348454,6.965601,7.0445585,7.094261,7.0533247
6g39,8.34,data/pdbbind/refined-set/6g39/6g39_ligand.sdf,data/pdbbind/refined-set/6g39/6g39_ligand.mol2,data/pdbbind/refined-set/6g39/6g39_protein.pdb,299,8.322819,8.341132,8.488238,8.325562,8.441158,8.36528,8.103479,8.4427395,8.115165,8.4847355,8.343031
2x6k,5.64,data/pdbbind/general-set/2x6k/2x6k_ligand.sdf,data/pdbbind/general-set/2x6k/2x6k_ligand.mol2,data/pdbbind/general-set/2x6k/2x6k_protein.pdb,300,5.630043,5.5991054,5.735671,5.5662317,5.4188447,5.5852075,5.724017,5.7338386,5.5985646,5.511087,5.610261
1h1s,8.22,data/pdbbind/refined-set/1h1s/1h1s_ligand.sdf,data/pdbbind/refined-set/1h1s/1h1s_ligand.mol2,data/pdbbind/refined-set/1h1s/1h1s_protein.pdb,301,7.0939794,7.221685,7.4531655,7.3215995,7.1767473,7.5492783,6.5388827,7.1577144,7.2927356,7.692762,7.249855
5ax3,5.92,data/pdbbind/general-set/5ax3/5ax3_ligand.sdf,data/pdbbind/general-set/5ax3/5ax3_ligand.mol2,data/pdbbind/general-set/5ax3/5ax3_protein.pdb,302,5.9945593,6.246514,5.992161,5.8770714,5.9559073,6.295343,5.904579,5.699219,6.2434216,5.789816,5.99986
3dc3,8.31,data/pdbbind/refined-set/3dc3/3dc3_ligand.sdf,data/pdbbind/refined-set/3dc3/3dc3_ligand.mol2,data/pdbbind/refined-set/3dc3/3dc3_protein.pdb,303,8.533568,8.236098,8.351676,8.525392,8.25748,8.291452,8.244887,8.132244,8.359842,8.310664,8.32433
4uxb,7.96,data/pdbbind/general-set/4uxb/4uxb_ligand.sdf,data/pdbbind/general-set/4uxb/4uxb_ligand.mol2,data/pdbbind/general-set/4uxb/4uxb_protein.pdb,304,8.167382,8.123639,8.04224,7.8990655,8.056335,7.926447,7.737924,8.048068,8.077619,7.9403763,8.001909
1r5n,5.42,data/pdbbind/general-set/1r5n/1r5n_ligand.sdf,data/pdbbind/general-set/1r5n/1r5n_ligand.mol2,data/pdbbind/general-set/1r5n/1r5n_protein.pdb,305,5.484233,5.189163,5.5997977,5.0820813,5.449855,5.512388,5.4327493,5.5129366,5.8431683,5.1454225,5.42518
6mlo,6.1,data/pdbbind/refined-set/6mlo/6mlo_ligand.sdf,data/pdbbind/refined-set/6mlo/6mlo_ligand.mol2,data/pdbbind/refined-set/6mlo/6mlo_protein.pdb,306,5.955668,6.358026,5.926479,6.620832,6.029168,5.953382,5.932447,6.1722975,6.593286,6.1296673,6.1671247
2hyy,6.77,data/pdbbind/general-set/2hyy/2hyy_ligand.sdf,data/pdbbind/general-set/2hyy/2hyy_ligand.mol2,data/pdbbind/general-set/2hyy/2hyy_protein.pdb,307,6.75515,7.2101274,7.0044155,6.6514726,6.581608,7.08746,6.9854536,6.997715,6.7829,6.890948,6.894725
1y20,5.32,data/pdbbind/refined-set/1y20/1y20_ligand.sdf,data/pdbbind/refined-set/1y20/1y20_ligand.mol2,data/pdbbind/refined-set/1y20/1y20_protein.pdb,308,5.431239,4.830153,5.528043,5.1076775,5.5701423,5.8201404,5.708278,5.2121863,4.717467,5.421436,5.3346763
1jd0,8.24,data/pdbbind/general-set/1jd0/1jd0_ligand.sdf,data/pdbbind/general-set/1jd0/1jd0_ligand.mol2,data/pdbbind/general-set/1jd0/1jd0_protein.pdb,309,8.380834,8.1369505,8.127102,8.310761,8.285227,8.246904,8.238286,8.217885,8.330352,8.176875,8.245117
3sv9,5.0,data/pdbbind/general-set/3sv9/3sv9_ligand.sdf,data/pdbbind/general-set/3sv9/3sv9_ligand.mol2,data/pdbbind/general-set/3sv9/3sv9_protein.pdb,310,4.823353,5.116669,4.8771105,4.83262,4.933866,4.9164352,4.8110456,5.0538654,5.057279,4.7456355,4.916788
1ype,8.1,data/pdbbind/refined-set/1ype/1ype_ligand.sdf,data/pdbbind/refined-set/1ype/1ype_ligand.mol2,data/pdbbind/refined-set/1ype/1ype_protein.pdb,311,7.8598146,8.024094,8.131834,8.064175,8.240771,8.089198,8.053849,7.867928,8.14774,8.159333,8.063874
3dkf,8.57,data/pdbbind/general-set/3dkf/3dkf_ligand.sdf,data/pdbbind/general-set/3dkf/3dkf_ligand.mol2,data/pdbbind/general-set/3dkf/3dkf_protein.pdb,312,8.551645,8.134879,8.606411,8.450623,8.260126,8.691219,8.503389,8.447729,8.642158,8.625385,8.491358
5h9q,4.42,data/pdbbind/general-set/5h9q/5h9q_ligand.sdf,data/pdbbind/general-set/5h9q/5h9q_ligand.mol2,data/pdbbind/general-set/5h9q/5h9q_protein.pdb,313,4.549102,4.327911,4.4977713,4.528024,4.2276225,4.2749987,4.499726,4.4295464,4.6942573,4.3251724,4.435413
2xhm,6.8,data/pdbbind/refined-set/2xhm/2xhm_ligand.sdf,data/pdbbind/refined-set/2xhm/2xhm_ligand.mol2,data/pdbbind/refined-set/2xhm/2xhm_protein.pdb,314,6.939486,6.7117496,6.7442904,7.1912374,6.7774744,6.9580836,7.0279284,6.6932225,6.876611,6.847946,6.876803
2pqc,5.74,data/pdbbind/refined-set/2pqc/2pqc_ligand.sdf,data/pdbbind/refined-set/2pqc/2pqc_ligand.mol2,data/pdbbind/refined-set/2pqc/2pqc_protein.pdb,315,5.6415577,5.993402,6.023383,5.7880883,5.6699476,5.5445933,6.011564,5.652989,5.704422,5.9496217,5.797957
4p6x,7.04,data/pdbbind/refined-set/4p6x/4p6x_ligand.sdf,data/pdbbind/refined-set/4p6x/4p6x_ligand.mol2,data/pdbbind/refined-set/4p6x/4p6x_protein.pdb,316,7.2008944,7.099495,7.425754,6.640717,6.7844067,7.223599,6.662662,6.6535993,7.3619576,6.99849,7.0051575
1hk2,6.77,data/pdbbind/general-set/1hk2/1hk2_ligand.sdf,data/pdbbind/general-set/1hk2/1hk2_ligand.mol2,data/pdbbind/general-set/1hk2/1hk2_protein.pdb,317,6.15669,6.840341,6.3498154,5.807252,5.77948,6.326662,5.952571,6.3077493,6.411354,6.3650265,6.2296944
4mmp,7.71,data/pdbbind/refined-set/4mmp/4mmp_ligand.sdf,data/pdbbind/refined-set/4mmp/4mmp_ligand.mol2,data/pdbbind/refined-set/4mmp/4mmp_protein.pdb,318,7.5881305,7.683793,7.675933,7.5629325,7.9880214,7.9367027,7.653545,7.82623,7.8938265,7.620143,7.742925
4np9,5.03,data/pdbbind/refined-set/4np9/4np9_ligand.sdf,data/pdbbind/refined-set/4np9/4np9_ligand.mol2,data/pdbbind/refined-set/4np9/4np9_protein.pdb,319,5.4814444,5.2593923,5.1470037,4.9687815,5.1086106,4.9588075,4.8021593,5.3411813,5.072119,5.080665,5.1220164
5gv2,5.65,data/pdbbind/general-set/5gv2/5gv2_ligand.sdf,data/pdbbind/general-set/5gv2/5gv2_ligand.mol2,data/pdbbind/general-set/5gv2/5gv2_protein.pdb,320,5.4539623,5.417583,5.6957784,5.640363,5.922014,5.7158523,5.9299803,5.4977975,5.993117,5.479161,5.6745615
2xtk,3.79,data/pdbbind/general-set/2xtk/2xtk_ligand.sdf,data/pdbbind/general-set/2xtk/2xtk_ligand.mol2,data/pdbbind/general-set/2xtk/2xtk_protein.pdb,321,3.8047721,3.9796834,3.7487907,4.0649743,3.7755005,3.699653,3.8125882,3.8884287,4.0401382,3.5133471,3.8327878
1o33,5.74,data/pdbbind/refined-set/1o33/1o33_ligand.sdf,data/pdbbind/refined-set/1o33/1o33_ligand.mol2,data/pdbbind/refined-set/1o33/1o33_protein.pdb,322,5.7902,5.5860515,6.0637293,5.8779316,5.6250315,5.8010545,5.980778,5.7491016,5.829773,5.834825,5.8138475
3kr4,7.6,data/pdbbind/refined-set/3kr4/3kr4_ligand.sdf,data/pdbbind/refined-set/3kr4/3kr4_ligand.mol2,data/pdbbind/refined-set/3kr4/3kr4_protein.pdb,323,7.56538,7.94609,7.4952393,7.5700474,7.7657223,7.4852486,7.557483,7.694116,7.503274,7.56405,7.614665
1b57,8.0,data/pdbbind/refined-set/1b57/1b57_ligand.sdf,data/pdbbind/refined-set/1b57/1b57_ligand.mol2,data/pdbbind/refined-set/1b57/1b57_protein.pdb,324,8.138999,7.7799263,8.063973,8.344445,7.739885,7.9272013,8.094857,8.121407,8.227528,8.043928,8.048215
1ftk,4.84,data/pdbbind/general-set/1ftk/1ftk_ligand.sdf,data/pdbbind/general-set/1ftk/1ftk_ligand.mol2,data/pdbbind/general-set/1ftk/1ftk_protein.pdb,325,4.797493,4.833656,4.6902103,4.56353,4.86113,5.1046343,4.9759374,5.2434125,4.8488765,4.7297897,4.864867
5ewk,4.85,data/pdbbind/refined-set/5ewk/5ewk_ligand.sdf,data/pdbbind/refined-set/5ewk/5ewk_ligand.mol2,data/pdbbind/refined-set/5ewk/5ewk_protein.pdb,326,4.75943,4.8448997,4.6989074,4.7366824,5.0329337,5.01084,4.4681215,5.050646,4.792132,4.8698387,4.8264437
2pre,6.65,data/pdbbind/general-set/2pre/2pre_ligand.sdf,data/pdbbind/general-set/2pre/2pre_ligand.mol2,data/pdbbind/general-set/2pre/2pre_protein.pdb,327,6.6247272,6.8333635,6.9441333,6.5125065,6.4978337,6.593376,6.755083,6.9753547,6.8048806,6.792974,6.7334237
3c52,7.3,data/pdbbind/refined-set/3c52/3c52_ligand.sdf,data/pdbbind/refined-set/3c52/3c52_ligand.mol2,data/pdbbind/refined-set/3c52/3c52_protein.pdb,328,7.279512,7.2940974,7.1841674,7.4111695,7.2737947,7.1171947,7.2790165,7.1840625,7.4949303,7.4802394,7.2998185
4d2s,7.7,data/pdbbind/general-set/4d2s/4d2s_ligand.sdf,data/pdbbind/general-set/4d2s/4d2s_ligand.mol2,data/pdbbind/general-set/4d2s/4d2s_protein.pdb,329,7.551282,7.724681,7.853608,7.5892124,7.7532063,7.8823934,7.439339,7.712599,7.4777746,7.709961,7.6694055
1tlo,4.0,data/pdbbind/general-set/1tlo/1tlo_ligand.sdf,data/pdbbind/general-set/1tlo/1tlo_ligand.mol2,data/pdbbind/general-set/1tlo/1tlo_protein.pdb,330,3.9851856,4.1923122,4.0348883,4.0986443,4.1734695,3.5909739,3.9691703,4.250302,4.228459,4.455353,4.0978756
1c8k,6.0,data/pdbbind/general-set/1c8k/1c8k_ligand.sdf,data/pdbbind/general-set/1c8k/1c8k_ligand.mol2,data/pdbbind/general-set/1c8k/1c8k_protein.pdb,331,5.7397823,5.658242,5.7425966,5.5483823,5.487698,5.6332245,5.515683,5.539993,6.0272326,5.9788003,5.6871634
2aox,7.42,data/pdbbind/general-set/2aox/2aox_ligand.sdf,data/pdbbind/general-set/2aox/2aox_ligand.mol2,data/pdbbind/general-set/2aox/2aox_protein.pdb,332,7.4748807,7.559839,7.6936364,7.225858,7.059493,7.019659,7.1800666,7.5304375,7.188528,7.294831,7.3227224
3jyr,5.54,data/pdbbind/refined-set/3jyr/3jyr_ligand.sdf,data/pdbbind/refined-set/3jyr/3jyr_ligand.mol2,data/pdbbind/refined-set/3jyr/3jyr_protein.pdb,333,5.537991,5.4630604,5.353879,5.3578825,5.563229,5.61261,5.235931,5.6251936,5.8942313,5.4368386,5.508085
6mku,7.15,data/pdbbind/refined-set/6mku/6mku_ligand.sdf,data/pdbbind/refined-set/6mku/6mku_ligand.mol2,data/pdbbind/refined-set/6mku/6mku_protein.pdb,334,7.187615,7.3803067,7.385596,7.649266,7.0218325,6.883679,7.0819387,6.9150653,7.245343,6.901925,7.1652565
1jrs,6.4,data/pdbbind/general-set/1jrs/1jrs_ligand.sdf,data/pdbbind/general-set/1jrs/1jrs_ligand.mol2,data/pdbbind/general-set/1jrs/1jrs_protein.pdb,335,6.046965,6.7395315,6.6466503,6.581845,6.6934905,6.411184,6.32101,7.0697417,6.6203527,6.437837,6.5568604
5mqt,5.7,data/pdbbind/general-set/5mqt/5mqt_ligand.sdf,data/pdbbind/general-set/5mqt/5mqt_ligand.mol2,data/pdbbind/general-set/5mqt/5mqt_protein.pdb,336,5.8041487,5.649905,5.7325664,5.330775,5.659109,5.948454,5.801417,5.707202,5.6196256,6.0397077,5.729291
1f8c,7.4,data/pdbbind/refined-set/1f8c/1f8c_ligand.sdf,data/pdbbind/refined-set/1f8c/1f8c_ligand.mol2,data/pdbbind/refined-set/1f8c/1f8c_protein.pdb,337,7.4362016,7.511437,7.5330215,7.3755846,7.428496,7.567804,7.6637464,7.608818,7.384654,7.5159416,7.5025697
1k1y,3.22,data/pdbbind/refined-set/1k1y/1k1y_ligand.sdf,data/pdbbind/refined-set/1k1y/1k1y_ligand.mol2,data/pdbbind/refined-set/1k1y/1k1y_protein.pdb,338,3.415716,3.3083646,3.1105118,2.7655604,3.0478778,3.1735609,2.9220874,3.3098214,3.398548,3.3726773,3.1824727
5gwa,5.77,data/pdbbind/general-set/5gwa/5gwa_ligand.sdf,data/pdbbind/general-set/5gwa/5gwa_ligand.mol2,data/pdbbind/general-set/5gwa/5gwa_protein.pdb,339,5.801335,5.7119017,5.914526,5.763319,5.914384,5.873011,5.8810635,5.6377134,5.5958414,5.7534323,5.784653
4g0c,7.92,data/pdbbind/general-set/4g0c/4g0c_ligand.sdf,data/pdbbind/general-set/4g0c/4g0c_ligand.mol2,data/pdbbind/general-set/4g0c/4g0c_protein.pdb,340,8.107698,7.9010534,8.069438,8.043363,7.8702993,7.98459,7.903129,7.742789,7.802101,7.942008,7.936647
5jn8,7.3,data/pdbbind/general-set/5jn8/5jn8_ligand.sdf,data/pdbbind/general-set/5jn8/5jn8_ligand.mol2,data/pdbbind/general-set/5jn8/5jn8_protein.pdb,341,7.455999,7.2783055,7.3650804,7.3082333,7.45286,7.4080415,7.299141,7.2363863,7.484645,7.340157,7.3628845
4psh,8.89,data/pdbbind/general-set/4psh/4psh_ligand.sdf,data/pdbbind/general-set/4psh/4psh_ligand.mol2,data/pdbbind/general-set/4psh/4psh_protein.pdb,342,8.938744,8.72645,8.729154,8.872927,8.696916,8.66694,8.928644,8.675063,9.127767,8.665337,8.8027935
4r5x,5.26,data/pdbbind/general-set/4r5x/4r5x_ligand.sdf,data/pdbbind/general-set/4r5x/4r5x_ligand.mol2,data/pdbbind/general-set/4r5x/4r5x_protein.pdb,343,5.1979256,5.4480634,5.4072466,5.2100134,5.278846,5.5492053,5.068411,5.372442,5.4147286,5.1691246,5.3116007
3dst,9.08,data/pdbbind/general-set/3dst/3dst_ligand.sdf,data/pdbbind/general-set/3dst/3dst_ligand.mol2,data/pdbbind/general-set/3dst/3dst_protein.pdb,344,8.88924,9.203591,9.096488,9.044209,9.594893,9.235476,9.125678,9.081934,9.718616,8.936507,9.192663
3nxq,8.15,data/pdbbind/refined-set/3nxq/3nxq_ligand.sdf,data/pdbbind/refined-set/3nxq/3nxq_ligand.mol2,data/pdbbind/refined-set/3nxq/3nxq_protein.pdb,345,7.9248433,7.9692636,8.192769,8.098729,7.95024,8.299981,8.267747,8.128232,8.183776,7.7023444,8.071793
3w2o,5.08,data/pdbbind/general-set/3w2o/3w2o_ligand.sdf,data/pdbbind/general-set/3w2o/3w2o_ligand.mol2,data/pdbbind/general-set/3w2o/3w2o_protein.pdb,346,5.2569366,4.914091,5.3474226,5.1190495,5.1728325,5.1161213,5.0784144,5.063176,5.100466,5.2581058,5.1426616
4qmx,4.96,data/pdbbind/general-set/4qmx/4qmx_ligand.sdf,data/pdbbind/general-set/4qmx/4qmx_ligand.mol2,data/pdbbind/general-set/4qmx/4qmx_protein.pdb,347,5.06818,5.1486883,5.0712843,5.099092,4.7929406,5.009144,4.891303,4.7800856,4.9528255,5.2952776,5.0108824
4d2r,5.48,data/pdbbind/general-set/4d2r/4d2r_ligand.sdf,data/pdbbind/general-set/4d2r/4d2r_ligand.mol2,data/pdbbind/general-set/4d2r/4d2r_protein.pdb,348,5.403123,5.38936,5.6439977,5.273731,5.5619726,5.468715,5.371665,5.611055,5.498841,5.6837234,5.490618
6czf,5.8,data/pdbbind/refined-set/6czf/6czf_ligand.sdf,data/pdbbind/refined-set/6czf/6czf_ligand.mol2,data/pdbbind/refined-set/6czf/6czf_protein.pdb,349,5.8290997,5.7313304,5.862823,6.0574203,5.6851907,5.602708,5.9855313,5.7099214,6.1571193,5.963762,5.858491
3poz,7.64,data/pdbbind/general-set/3poz/3poz_ligand.sdf,data/pdbbind/general-set/3poz/3poz_ligand.mol2,data/pdbbind/general-set/3poz/3poz_protein.pdb,350,7.5845995,7.565154,7.6552777,7.467787,7.690505,7.356307,7.4278307,7.4666147,7.737333,7.6264873,7.55779
2isv,7.43,data/pdbbind/general-set/2isv/2isv_ligand.sdf,data/pdbbind/general-set/2isv/2isv_ligand.mol2,data/pdbbind/general-set/2isv/2isv_protein.pdb,351,7.3904657,7.2774277,7.2173176,7.651916,7.239366,7.27387,7.2482486,7.1795554,7.519934,7.441238,7.343934
5om7,5.74,data/pdbbind/refined-set/5om7/5om7_ligand.sdf,data/pdbbind/refined-set/5om7/5om7_ligand.mol2,data/pdbbind/refined-set/5om7/5om7_protein.pdb,352,5.734626,5.3479376,5.760419,5.499816,5.320913,5.8109922,5.624037,5.432787,5.7080708,5.9538164,5.619341
6mlg,5.05,data/pdbbind/refined-set/6mlg/6mlg_ligand.sdf,data/pdbbind/refined-set/6mlg/6mlg_ligand.mol2,data/pdbbind/refined-set/6mlg/6mlg_protein.pdb,353,5.1055264,5.06159,5.288131,5.191888,4.888024,4.940902,5.144263,5.098072,5.491173,4.951309,5.116088
2dri,6.89,data/pdbbind/refined-set/2dri/2dri_ligand.sdf,data/pdbbind/refined-set/2dri/2dri_ligand.mol2,data/pdbbind/refined-set/2dri/2dri_protein.pdb,354,6.811317,7.503373,6.5278707,6.932783,6.974238,6.818659,7.0396852,6.954128,6.9514117,6.745442,6.9258904
4ygf,7.68,data/pdbbind/refined-set/4ygf/4ygf_ligand.sdf,data/pdbbind/refined-set/4ygf/4ygf_ligand.mol2,data/pdbbind/refined-set/4ygf/4ygf_protein.pdb,355,7.6761045,7.6901774,7.770302,7.6040974,7.7360115,7.696583,7.554004,7.619938,7.652938,7.68204,7.668219
3bxh,4.03,data/pdbbind/refined-set/3bxh/3bxh_ligand.sdf,data/pdbbind/refined-set/3bxh/3bxh_ligand.mol2,data/pdbbind/refined-set/3bxh/3bxh_protein.pdb,356,3.9986799,4.021161,4.4007277,4.1057677,4.048383,4.1956477,3.9458032,3.946424,4.2916155,4.1097507,4.1063957
1ypg,8.0,data/pdbbind/refined-set/1ypg/1ypg_ligand.sdf,data/pdbbind/refined-set/1ypg/1ypg_ligand.mol2,data/pdbbind/refined-set/1ypg/1ypg_protein.pdb,357,7.744646,8.010392,8.155973,7.734823,8.156584,7.9123755,7.9266205,7.794646,7.9472885,8.178588,7.9561934
6jwa,4.96,data/pdbbind/general-set/6jwa/6jwa_ligand.sdf,data/pdbbind/general-set/6jwa/6jwa_ligand.mol2,data/pdbbind/general-set/6jwa/6jwa_protein.pdb,358,5.1049814,5.16669,5.093623,4.7701693,5.011015,5.0179276,5.074025,4.6666284,4.8844585,4.963082,4.9752603
1dwc,7.41,data/pdbbind/general-set/1dwc/1dwc_ligand.sdf,data/pdbbind/general-set/1dwc/1dwc_ligand.mol2,data/pdbbind/general-set/1dwc/1dwc_protein.pdb,359,7.245036,7.8463626,7.455084,7.5921283,7.5512314,7.849826,7.227106,7.5887494,7.36564,7.366152,7.508732
2zof,8.15,data/pdbbind/general-set/2zof/2zof_ligand.sdf,data/pdbbind/general-set/2zof/2zof_ligand.mol2,data/pdbbind/general-set/2zof/2zof_protein.pdb,360,7.9788494,8.096358,8.163949,8.385766,8.215667,8.208713,8.092564,8.231409,8.058928,7.920338,8.135255
4wm9,6.92,data/pdbbind/general-set/4wm9/4wm9_ligand.sdf,data/pdbbind/general-set/4wm9/4wm9_ligand.mol2,data/pdbbind/general-set/4wm9/4wm9_protein.pdb,361,6.8846784,6.891197,7.059672,6.9212947,6.964166,6.9189553,6.7966866,6.793906,6.918191,6.8463445,6.8995094
4eor,6.3,data/pdbbind/refined-set/4eor/4eor_ligand.sdf,data/pdbbind/refined-set/4eor/4eor_ligand.mol2,data/pdbbind/refined-set/4eor/4eor_protein.pdb,362,7.387261,7.2272277,7.680588,7.498008,7.0947213,7.570568,7.442313,7.00838,7.0203114,7.499055,7.3428435
3d4z,4.89,data/pdbbind/refined-set/3d4z/3d4z_ligand.sdf,data/pdbbind/refined-set/3d4z/3d4z_ligand.mol2,data/pdbbind/refined-set/3d4z/3d4z_protein.pdb,363,5.702529,5.3419914,5.589461,5.7390547,5.5952053,5.7487774,5.8365393,5.5702395,5.9218426,5.360882,5.640652
3ebp,5.91,data/pdbbind/refined-set/3ebp/3ebp_ligand.sdf,data/pdbbind/refined-set/3ebp/3ebp_ligand.mol2,data/pdbbind/refined-set/3ebp/3ebp_protein.pdb,364,5.5860085,5.415379,5.614257,5.4263606,5.435186,5.555762,5.736398,5.5794926,6.0994854,5.9171815,5.636552
